-- MariaDB dump 10.19  Distrib 10.11.2-MariaDB, for debian-linux-gnu (x86_64)
--
-- Host: localhost    Database: constelink_fundraising
-- ------------------------------------------------------
-- Server version	10.11.2-MariaDB-1:10.11.2+maria~ubu2204

/*!40101 SET @OLD_CHARACTER_SET_CLIENT=@@CHARACTER_SET_CLIENT */;
/*!40101 SET @OLD_CHARACTER_SET_RESULTS=@@CHARACTER_SET_RESULTS */;
/*!40101 SET @OLD_COLLATION_CONNECTION=@@COLLATION_CONNECTION */;
/*!40101 SET NAMES utf8mb4 */;
/*!40103 SET @OLD_TIME_ZONE=@@TIME_ZONE */;
/*!40103 SET TIME_ZONE='+00:00' */;
/*!40014 SET @OLD_UNIQUE_CHECKS=@@UNIQUE_CHECKS, UNIQUE_CHECKS=0 */;
/*!40014 SET @OLD_FOREIGN_KEY_CHECKS=@@FOREIGN_KEY_CHECKS, FOREIGN_KEY_CHECKS=0 */;
/*!40101 SET @OLD_SQL_MODE=@@SQL_MODE, SQL_MODE='NO_AUTO_VALUE_ON_ZERO' */;
/*!40111 SET @OLD_SQL_NOTES=@@SQL_NOTES, SQL_NOTES=0 */;

--
-- Table structure for table `bookmark`
--

DROP TABLE IF EXISTS `bookmark`;
/*!40101 SET @saved_cs_client     = @@character_set_client */;
/*!40101 SET character_set_client = utf8 */;
CREATE TABLE `bookmark` (
  `member_id` bigint(20) NOT NULL,
  `fundraising_id` bigint(20) NOT NULL,
  PRIMARY KEY (`member_id`,`fundraising_id`),
  KEY `FK_fundraising_TO_bookmark_1` (`fundraising_id`),
  CONSTRAINT `FK_fundraising_TO_bookmark_1` FOREIGN KEY (`fundraising_id`) REFERENCES `fundraising` (`fundraising_id`)
) ENGINE=InnoDB DEFAULT CHARSET=utf8mb4 COLLATE=utf8mb4_general_ci;
/*!40101 SET character_set_client = @saved_cs_client */;

--
-- Dumping data for table `bookmark`
--

LOCK TABLES `bookmark` WRITE;
/*!40000 ALTER TABLE `bookmark` DISABLE KEYS */;
INSERT INTO `bookmark` VALUES
(1,3),
(1,4),
(1,29),
(1,30),
(1,32),
(2,2),
(2,3),
(2,4),
(2,5),
(2,17),
(2,22),
(2,58),
(5,1),
(28,2),
(28,3),
(28,4),
(29,1),
(29,3);
/*!40000 ALTER TABLE `bookmark` ENABLE KEYS */;
UNLOCK TABLES;

--
-- Table structure for table `category`
--

DROP TABLE IF EXISTS `category`;
/*!40101 SET @saved_cs_client     = @@character_set_client */;
/*!40101 SET character_set_client = utf8 */;
CREATE TABLE `category` (
  `category_id` bigint(20) NOT NULL AUTO_INCREMENT,
  `category_name` varchar(20) NOT NULL,
  PRIMARY KEY (`category_id`)
) ENGINE=InnoDB AUTO_INCREMENT=41 DEFAULT CHARSET=utf8mb4 COLLATE=utf8mb4_general_ci;
/*!40101 SET character_set_client = @saved_cs_client */;

--
-- Dumping data for table `category`
--

LOCK TABLES `category` WRITE;
/*!40000 ALTER TABLE `category` DISABLE KEYS */;
INSERT INTO `category` VALUES
(1,'폐렴'),
(2,'복막염'),
(3,'간염'),
(4,'위염'),
(5,'장티푸스'),
(6,'독감'),
(7,'통풍'),
(8,'급성 맹장'),
(9,'삼차신경통'),
(10,'CRPS'),
(11,'에이즈'),
(12,'알레르기'),
(13,'만성폐쇄성폐질환'),
(14,'체온조절장애'),
(15,'류마티스성 질환'),
(16,'골다공증'),
(17,'당뇨병'),
(18,'뇌수막염'),
(19,'협심증'),
(20,'신장암'),
(21,'빈혈'),
(22,'감상선 질환'),
(23,'코로나'),
(24,'간질성 질환'),
(25,'급성 식중독'),
(26,'고지혈증'),
(27,'담낭염'),
(28,'간경변증'),
(29,'다발성 골절'),
(30,'신장암'),
(31,'근육병'),
(32,'각막병증'),
(33,'급성간염'),
(34,'불안장애'),
(35,'조울증'),
(36,'우울증'),
(37,'단백질 대사 장애'),
(38,'거대백악종'),
(39,'소아 마비'),
(40,'다운증후군');
/*!40000 ALTER TABLE `category` ENABLE KEYS */;
UNLOCK TABLES;

--
-- Table structure for table `fundraising`
--

DROP TABLE IF EXISTS `fundraising`;
/*!40101 SET @saved_cs_client     = @@character_set_client */;
/*!40101 SET character_set_client = utf8 */;
CREATE TABLE `fundraising` (
  `fundraising_id` bigint(20) NOT NULL AUTO_INCREMENT,
  `beneficiary_id` bigint(20) NOT NULL,
  `category_id` bigint(20) NOT NULL,
  `fundraising_amount_raised` int(11) NOT NULL DEFAULT 0,
  `fundraising_amount_goal` int(11) NOT NULL DEFAULT 0,
  `fundraising_start_time` timestamp NOT NULL DEFAULT current_timestamp(),
  `fundraising_end_time` timestamp NOT NULL DEFAULT current_timestamp(),
  `fundraising_title` varchar(50) NOT NULL,
  `fundraising_story` longtext NOT NULL,
  `fundraising_thumbnail` varchar(300) DEFAULT NULL,
  `fundraising_people` int(11) NOT NULL,
  `fundraising_is_done` tinyint(1) NOT NULL DEFAULT 0,
  `hospital_name` varchar(20) NOT NULL,
  `hospital_id` bigint(20) NOT NULL,
  `fundraising_will_use` varchar(200) DEFAULT NULL,
  PRIMARY KEY (`fundraising_id`),
  KEY `FK_category_TO_fundraising_1` (`category_id`),
  CONSTRAINT `FK_category_TO_fundraising_1` FOREIGN KEY (`category_id`) REFERENCES `category` (`category_id`)
) ENGINE=InnoDB AUTO_INCREMENT=61 DEFAULT CHARSET=utf8mb4 COLLATE=utf8mb4_general_ci;
/*!40101 SET character_set_client = @saved_cs_client */;

--
-- Dumping data for table `fundraising`
--

LOCK TABLES `fundraising` WRITE;
/*!40000 ALTER TABLE `fundraising` DISABLE KEYS */;
INSERT INTO `fundraising` VALUES
(1,1,1,302000,2500000,'2023-03-10 15:07:50','2023-03-10 15:07:57','감기 낫기 프로젝트','감기 걸려 아파요','https://t3.ftcdn.net/jpg/02/24/04/02/240_F_224040273_CyjKckWX6WiYgEIjAfpzosMcODUqRO5U.jpg',15,0,'도른자 병원',0,'주사 3회/영양제 2회/맹장 수술'),
(2,1,3,300000,5000000,'2023-03-10 15:13:20','2023-03-22 16:07:52','폐렴 치료','폐렴걸려 아파요','https://cdn.pixabay.com/photo/2020/07/21/19/41/blood-5427229__340.jpg',12,0,'도른자 병원',0,'주사 3회/영양제 2회/맹장 수술'),
(3,2,2,11800000,15000000,'2023-03-10 15:13:22','2023-03-31 16:07:59','간염 수술','감염 스토리는 약간 길 경우가 많겠죠, 다양한 테스트 케이스가 필요합니다. 그래서 조금씩 길게 적습니다.스토리는 약간 길 경우가 많겠죠, 다양한 테스트 케이스가 필요합니다. 그래서 조금씩 길게 적습니다.스토리는 약간 길 경우가 많겠죠, 다양한 테스트 케이스가 필요합니다. 그래서 조금씩 길게 적습니다.스토리는 약간 길 경우가 많겠죠, 다양한 테스트 케이스가 필요합니다. 그래서 조금씩 길게 적습니다.스토리는 약간 길 경우가 많겠죠, 다양한 테스트 케이스가 필요합니다. 그래서 조금씩 길게 적습니다.스토리는 약간 길 경우가 많겠죠, 다양한 테스트 케이스가 필요합니다. 그래서 조금씩 길게 적습니다.스토리는 약간 길 경우가 많겠죠, 다양한 테스트 케이스가 필요합니다. 그래서 조금씩 길게 적습니다.스토리는 약간 길 경우가 많겠죠, 다양한 테스트 케이스가 필요합니다. 그래서 조금씩 길게 적습니다.스토리는 약간 길 경우가 많겠죠, 다양한 테스트 케이스가 필요합니다. 그래서 조금씩 길게 적습니다.스토리는 약간 길 경우가 많겠죠, 다양한 테스트 케이스가 필요합니다. 그래서 조금씩 길게 적습니다.스토리는 약간 길 경우가 많겠죠, 다양한 테스트 케이스가 필요합니다. 그래서 조금씩 길게 적습니다.','https://cdn.pixabay.com/photo/2017/01/25/11/31/beggar-2007647__340.jpg',13,0,'도른자 병원',0,'주사 3회/영양제 2회/맹장 수술'),
(4,1,2,300000,300000,'2023-03-10 15:13:23','2023-03-24 16:07:59','간염 수술','스토리는 약간 길 경우가 많겠죠, 다양한 테스트 케이스가 필요합니다. 그래서 조금씩 길게 적습니다.','https://cdn.pixabay.com/photo/2017/08/02/22/34/finger-2573745__340.jpg',42,0,'도른자 병원',0,'주사 3회/영양제 2회/맹장 수술'),
(5,1,4,300000,800000,'2023-03-10 15:13:24','2023-03-10 15:07:59','간염 수술','스토리는 약간 길스토리는 약간 길 경우가 많겠죠, 다양한 테스트 케이스가 필요합니다. 그래서 조금씩 길게 적습니다.스토리는 약간 길 경우가 많겠죠, 다양한 테스트 케이스가 필요합니다. 그래서 조금씩 길게 적습니다.스토리는 약간 길 경우가 많겠죠, 다양한 테스트 케이스가 필요합니다. 그래서 조금씩 길게 적습니다.스토리는 약간 길 경우가 많겠죠, 다양한 테스트 케이스가 필요합니다. 그래서 조금씩 길게 적습니다.스토리는 약간 길 경우가 많겠죠, 다양한 테스트 케이스가 필요합니다. 그래서 조금씩 길게 적습니다.스토리는 약간 길 경우가 많겠죠, 다양한 테스트 케이스가 필요합니다. 그래서 조금씩 길게 적습니다. 경우가 많겠죠, 다양한 테스트 케이스가 필요합니다. 그래서 조금씩 길게 적습니다.','https://cdn.pixabay.com/photo/2015/11/01/06/38/beggar-1016678__340.jpg',23,1,'도른자 병원',0,'주사 3회/영양제 2회/맹장 수술'),
(6,1,3,1100000,2500000,'2023-03-10 15:13:24','2023-03-30 15:07:59','안구 수술','감염 되었읍니다','https://cdn.pixabay.com/photo/2016/02/11/20/47/piggy-bank-1194515__340.jpg',52,1,'도른자 병원',0,'주사 3회/영양제 2회/맹장 수술'),
(7,2,2,550000,1500000,'2023-03-11 14:46:02','2023-03-28 14:45:04','아토피 수술','이러이러 해서 모금합니다.','https://cdn.pixabay.com/photo/2014/09/20/04/04/buddhists-453317__340.jpg',11,0,'도른자 병원',0,'주사 3회/영양제 2회/맹장 수술'),
(17,6,2,100000,2000000,'2023-03-11 15:09:05','2023-03-28 16:06:40','버스','짧게 적으면','https://cdn.pixabay.com/photo/2020/05/16/19/10/facemask-5178786__340.jpg',56,0,'도른자 병원',0,'주사 3회/영양제 2회/맹장 수술'),
(18,6,1,200000,1000000,'2023-03-11 15:09:10','2024-09-13 21:26:40','택시','ㅎㅎㅎㅎㅎ','https://cdn.pixabay.com/photo/2019/10/05/15/27/girl-4528210__340.jpg',346,0,'도른자 병원',0,'주사 3회/영양제 2회/맹장 수술'),
(20,1,1,0,0,'2023-03-28 05:56:41','1970-01-01 05:33:20','오연진의 일기예보','오늘은 감기에 걸려서 더욱 아파요','https://cdn.pixabay.com/photo/2015/04/20/21/42/blood-732298_960_720.jpg',0,0,'도른자 병원',0,'주사 3회/영양제 2회/맹장 수술'),
(21,2,9,0,10000,'2023-03-28 06:12:35','2023-03-31 06:30:00','폴킴의 일지','희귀 혈액형이 부족해서 피가 필요합니다','https://cdn.pixabay.com/photo/2016/11/14/03/21/asia-1822480__340.jpg',0,0,'도른자 병원',3,'주사 3회/영양제 2회/맹장 수술'),
(22,2,9,0,10000,'2023-03-28 06:19:31','2023-03-31 06:30:00','팬 레터 일기','너무 아팠읍니다','https://cdn.pixabay.com/photo/2018/04/13/20/18/euro-3317432__340.jpg',0,0,'도른자 병원',3,'주사 3회/영양제 2회/맹장 수술'),
(23,2,9,0,10000,'2023-03-28 06:29:15','2023-03-31 06:30:00','필 수혈 일기','어느새 길어진 그림자를 따라서','https://cdn.pixabay.com/photo/2017/05/26/15/06/doctor-2346235__340.jpg',0,1,'도른자 병원',3,'주사 3회/영양제 2회/맹장 수술'),
(24,2,9,0,10000,'2023-03-28 06:29:42','1970-01-20 10:44:04','오늘의 날씨','땅 거미 진 어 둠 속 을','https://cdn.pixabay.com/photo/2017/11/11/18/38/gratitude-2939972__340.jpg',0,0,'도른자 병원',3,'주사 3회/영양제 2회/맹장 수술'),
(25,1,1,0,100000,'2023-03-28 23:59:47','1970-12-14 05:20:00','미세먼지 농도','나의 몸속의 흑염룡 DNA','https://cdn.pixabay.com/photo/2015/09/23/23/07/war-954538__340.jpg',0,0,'도른자 병원',3,'주사 3회/영양제 2회/맹장 수술'),
(26,1,1,0,100000,'2023-03-29 00:21:19','1970-12-14 05:20:00','감기 조심','간다 간다 뿅간다','https://cdn.pixabay.com/photo/2018/10/02/12/48/do-not-use-this-image-3718785__340.jpg',0,0,'도른자 병원',3,'주사 3회/영양제 2회/맹장 수술'),
(27,46,2,0,100000,'2023-03-29 00:48:44','1970-01-20 10:44:00','후후','파이야','https://cdn.pixabay.com/photo/2020/03/01/13/09/child-4892806__340.jpg',0,0,'킴스 클럽외과',10,'주사 3회/영양제 2회/맹장 수술'),
(28,46,2,0,2000000,'2023-03-29 00:58:23','1970-01-20 10:44:00','문동은 망나니','냉면 냉면 냉면','https://cdn.pixabay.com/photo/2020/07/15/01/56/dog-5406142__340.jpg',0,0,'킴스 클럽외과',10,'주사 3회/영양제 2회/맹장 수술'),
(29,46,2,0,100000,'2023-03-29 00:58:57','1970-01-20 10:44:00','쓸애긔','쓸애긔 애긔애긔','https://cdn.pixabay.com/photo/2017/02/25/14/30/santa-2097876__340.jpg',0,1,'킴스 클럽외과',10,'주사 3회/영양제 2회/맹장 수술'),
(30,1,2,0,0,'2023-03-29 05:47:27','2023-03-29 05:47:20','','','https://cdn.pixabay.com/photo/2017/02/25/14/30/santa-2097876__340.jpg',0,0,'도른자 병원',3,'주사 3회/영양제 2회/맹장 수술'),
(31,1,2,0,0,'2023-03-29 05:48:06','2023-03-29 05:47:59','','','https://cdn.pixabay.com/photo/2017/02/25/14/30/santa-2097876__340.jpg',0,0,'도른자 병원',3,'주사 3회/영양제 2회/맹장 수술'),
(32,74,2,0,10000000,'2023-03-29 05:48:44','2024-02-02 06:00:00','명오 첫 모금','a','https://cdn.pixabay.com/photo/2017/02/25/14/30/santa-2097876__340.jpg',0,1,'킴스 클럽외과',10,'주사 3회/영양제 2회/맹장 수술'),
(33,1,1,0,2,'2023-03-30 04:44:47','1970-01-01 09:00:00','하이','비비','https://cdn.pixabay.com/photo/2017/02/25/14/30/santa-2097876__340.jpg',0,1,'도른자 병원',3,'주사 3회/영양제 2회/맹장 수술'),
(34,1,1,0,2,'2023-03-30 04:48:40','1970-01-01 09:00:00','하이','비비','https://cdn.pixabay.com/photo/2017/02/25/14/30/santa-2097876__340.jpg',0,0,'도른자 병원',3,'주사 3회/영양제 2회/맹장 수술'),
(35,1,1,0,2,'2023-03-30 04:49:31','1970-01-01 09:00:00','하이','비비','https://cdn.pixabay.com/photo/2017/02/25/14/30/santa-2097876__340.jpg',0,0,'도른자 병원',3,'주사 3회/영양제 2회/맹장 수술'),
(36,1,1,0,5000000,'2023-04-04 06:50:28','1970-01-01 09:16:40','string','string','https://cdn.pixabay.com/photo/2017/02/25/14/30/santa-2097876__340.jpg',0,1,'도른자 병원',3,'주사 3회/영양제 2회/맹장 수술'),
(37,95,15,0,10000000,'2023-04-05 04:28:33','2023-04-12 00:00:00','모금 시작하기 테스트 첫번째','a','https://storage.googleapis.com/download/storage/v1/b/carrot_box555/o/img%2F697e7a92-8de9-4ada-9f5d-0a3598b808cc-%EC%98%A4%EC%8B%9C%EB%A9%98.jpg?generation=1680668847766441&alt=media',0,0,'수혜자 없는 병원',21,'블록체인 테스트/하고 난 후에/완성하겠습니다'),
(38,95,15,0,10000000,'2023-04-05 04:28:49','2023-04-12 00:00:00','모금 시작하기 테스트 첫번째','a','https://storage.googleapis.com/download/storage/v1/b/carrot_box555/o/img%2Fc99a4390-1eb7-44d3-997d-737c8edf90a6-%EC%98%A4%EC%8B%9C%EB%A9%98.jpg?generation=1680668928577455&alt=media',0,0,'수혜자 없는 병원',21,'블록체인 테스트/하고 난 후에/완성하겠습니다'),
(39,100,3,0,200000000,'2023-04-05 04:32:54','2023-04-12 00:00:00','모금 디테일 페이지 안바뀌는 값들 있','a','https://storage.googleapis.com/download/storage/v1/b/carrot_box555/o/img%2F65554d40-6694-4152-904c-3dc035da585c-human-chain2.png?generation=1680669174275165&alt=media',0,0,'수혜자 없는 병원',21,'블록체인 테스트/하고 난 후에/완성하겠습니다'),
(40,96,28,0,200000,'2023-04-05 04:44:47','2023-04-12 06:00:00','작성 테스트 삼','<p>작성삼작성삼작성삼작성삼작성삼작성삼작성삼작성삼작성삼작성삼작성삼작성삼작성삼작성삼작성삼작성삼작성삼작성삼작성삼작성삼작성삼작성삼작성삼작성삼작성삼작성삼작성삼작성삼작성삼</p>','https://storage.googleapis.com/download/storage/v1/b/carrot_box555/o/img%2F3802f166-d479-4c16-bdfc-7ff69af9bd34-human-chain1.png?generation=1680669887116666&alt=media',0,0,'수혜자 없는 병원',21,'블록체인 테스트/하고 난 후에/완성하겠습니다'),
(41,97,5,0,100000,'2023-04-05 04:56:13','2023-04-26 13:30:00','썬에디터 사진입력 테스트','<div class=\"se-component se-image-container __se__float-left\" contenteditable=\"false\"><figure><img src=\"data:image/jpeg;base64,/9j/4AAQSkZJRgABAQAAAQABAAD/2wCEAAoHCBYWFRgWFhUYGBgYGBgYGBgYGBgYGRgYGBgZGRgYGBgcIS4lHB4rHxgYJjgmKy8xNTU1GiQ7QDs0Py40NTEBDAwMEA8QGhISGjQhISE0NDQ0NDQ0NDE0NjQ0NDE0NDQxNDE0MTQ0NDE0NDQxNDY0NDQ0NDQ0NDQ0NDQ0NDQ0NP/AABEIAL8BCAMBIgACEQEDEQH/xAAcAAACAwEBAQEAAAAAAAAAAAAEBQIDBgEHAAj/xAA5EAACAQMCBAUCBAQFBQEAAAABAgADBBESIQUxQVEGImFxgRORMqGxwQcUQtFSYnLh8CMzkqLxgv/EABgBAAMBAQAAAAAAAAAAAAAAAAECAwAE/8QAIxEAAwEAAwEAAQQDAAAAAAAAAAERAgMSITFBMlFhcRMi4f/aAAwDAQACEQMRAD8A8pxPgJNhIZjQxNFlglatO6pjHXMqZp87yGYAnDOqJ0CWKkICym+IVSfMFCwy0WahSoVSpkyw0yIda0xL61IYgaK9QS1uyDiNVr5EUi13yI0tqW0KEfhTcEEGILymAdppq1Hp39CfsBBK3BgwzrYH1T8+fKT00NlGXaVkzRnw0WOFrLn1QgffMS3XDqlPd0IGdOrHlz6H5ioLB5wzsixjIRsjiSVZyTSOhT7ROFCIQonWitjLJyg5jahU2iTXiEJdTfQpwZV6gxE1wMnaXPcZnKIyYEgt0qSiZx6ZEbU6E+q0JXNJsVU1MmVhbUpFUhgAJqM7DGXefRKP1FTGVsZcVlbCGiQgGndUi04IKY7Jos+US1VmDD5ElyrOKsnCYiRCbZsGDGXUYGNn6PrV9oQ7RdbNCS8HYsF04Wa6IMt8DviLKFTeD3VVnfRvscbcvTn13g1qIm8+hD8aLnTgBfQfr3k1ue32/cdiO00th4epqgDDJI8xPUwij4cpA5GZztlVkydO5YEnBycFRjkcDI+8Iao6ELUQ6XxjVup7+nObijw6kMeQEjqYddWNKrSZHwNvL3UjkRCjNHi/G+HfTbUv4G3XONieagdh+hEUMZs/EtLRRZDzU8tuYbGR/wA5GYjMrh1ENKMlmSDSvM6DKiF61J01IOZwmB5CtQsZ5WWnJwwpAbOhzGFlF6DeNLJIUjUbUJKudp9TG0orvGAUuYOzyTvBqrQUJdScap9F/wBXBn0SDdiwiUVJa5lDmYUpcySLmRxL6SwBJKksAnQJFjAMWK07mVLJ5hQGdMvomDkydNoxl9G1BoSWiunUl4qxCyYanOToVf8AroOgIJ/58QWnUks5dG9h+f8AvE3+k35N3/Ntgheh/wB4RaO5iW84gluhJGWOwHfHUxEnjF9W9MAZ5qxP7YnOk36U7JeHoKq/U4kkRxkncTPX99W+iKibkjljJ+BFHDOMXKOC5cjON1Vk376dx79JkqZuFXjdSS/+gH/xwT+UwonqviPhhq6dGAXRlJP4V5ZJ9gTPO+JcOFNyquHUYIcAqGBGc6Sdp0cT8hDky7RfOicInRLETs4Z2cMJjk5PpwzGJ0ucc2QiagI5tTAjDLO0DuGlrvA6zxjFLNB6ktkTFYUB1En0JdZyLRupffW+CcRc8fcRAyYjcbwgahylTzGNG2kLVI4t6EDYcoWPRxBHSPLmlFr05kwvIMqz4iEok+qqJqCAbNOo8hUErDRgBivLleBo0uWIx0wlak04ql1Qv5yx1qQoyqAk4JHQKJkQZqfD12ppFCfOhIAyBlHBzuemc+2RJ8mW1UVxr1p/kfXVhTr4L8h07yo8OpKDgnb2xAravqQb5IGNuuNsy4U3K88e/pvvOezwqkvo/tqQ0dCBg49JO30IfwKAev8AeZKh4jqK4RmA5qXRQCxO2rTyz/aadKYdcq2QdwYXUbxlnEXLBdGPKw2PVThSB67g/E8444B9aoByDso9lOkfpNtxHi622lipbmAAQPNsd89Np5zeXWpmY8yST7k5leJfklyaUgDXEqBnaryKLmdKOZkpwwpKMhUpQ9WCg0jJuJDMxgq3WNKUW25hyGBGJ1Hg7NJOZXiExydVZ1RLlSDTHyqViiTORpSo7T6LB4Lb2tmAAbyyo+ZxBNlCaYZamNqNXET0toUlSHWQ5YZXfMXVH3ljVILUeJBnotVpCq8GapKjUJmSF7H1Qyky36TGRekRHFJUjC0gKHEKpvAxssucSGqT1SDiZGY54Pf6Rg98f8/KOr671oqo2NROfjpMnwqiHqCnnBdW0Hs6jUDjt5SPmWq703w2VI/5t3kN4/2qK4156aKysAPxOpzzzt9gP3Ma2pNu34yyMrbHGxG4Axt2mVe+QkNk7YyAee8sv+JmqVVAeyqOZzE6tlXtQ54mv2qEdh+uMGZl8z0u54DTCWtIqWqVKoQkHGzkF39Su2M7Y5iIX8IVqyVKtshq00qOgxjWwU7MF/qGCM4+06OP9Phy7/UY0wy2SfXthUpECrSenqzp+ojpqxz06gM4yOXeW0Flc/RGFpT2lNwkIRsCU1t5VtQWeiusIPDaywJl3kWxoG2wjSlTi6yEfW1OLRkgJ6EqdI2qpF1eFMzQNnEmlQQeo0oNSDQ+EaK2ridiGlcETsTsdHVAoMvSDoZcrSxxBaCWhYPReEK0D0NlUqq7QV3hdxAHMW0LzCLGE21KBgxnZHlCKH0LXblK7m19I3tsYld2gxEpVZ8MnXp4MI4fZVapxSpVKhGx+mjvj30g4+ZqvBPAKd5d6Kqs1NUd20sV3BUICw3AOTy7e89toU0poERVREGFRQFUAcgAI69Jvxni/CP4d3tXd0WgveqfMfZFyfviae2/h7bUF13NVqmOarmmh32GxLk//oT0B6u2e25nnvibihrsqKfKC3XmVOB8ZxF3pZVH48vbn4Abq8t6aVBbW+j6WWOkklhqWkC7NkvjW2Mnnv0zAuLcMSoCCN+asOYjjg1gEy5YrVwwI5DSxXGeufIDn1Mm1Sm7ujgpUBHm331AEHB2YdMjse052242XeMpufDz1eENqK9uuJpvDvCkpH6jHJA5tgBR1Pp7zlRnSuyPTYKnmL6ToflpCvyOefwe07xSsK700YPVbSSlrRBUv5sBq1TklMY6ZPP8POb/AGbgrSzmhFfiL1G+rTBLPqtrFf6nd/JWuMY2VVJAPcjsZ6d4c4attb06C7imoDEban5u3yxJ+ZnPDHh5qbfXuNDXBUIioMUqCAYFOkvQAZ39T3JbXsdK4/5vOjOYjmbbdZNkDgo6q6nmrAMpHqDsZleO/wAO7WuM0Atu42yi+Rt+qAjB9Rj5mopPhf8AUcfAloqH+0cx5Fxn+HNzRQuhSsqjLBMhx3wh/EPY59JjfoZn6UR9tzieefxB8Orvd0lxkj6ygYGTsKgH2B+D3genA5jfp5NVt4uuKeJoqwim8STWvR9Z8K7ER/bHaKOH2+Y/t6ELYuUVVzFtwI8e1Jg1Xhxh9CZqsIKxmgueFNiLX4Y4PKaNmsAkn0LFkwnZupbL8B6VAmXtbERlZUIZUtdoexBZM5kiXJWll5RxANUzVAn1YTUqZgzmcLyBMCyHWqfCH2aGQs6GY5oW3pC2bOSdCpgT64rGS+jIvTiDnpf8NuGGjbGsykPWfO4IIRCVTY9M629mmxqfrA7At9FASW0oiknnkKBk+u3zDUOpQfSVJMXcbraKDn/Kfz8o/MzBW1rkhsZGgFfVtZJ/QTYeLnH8udjguFP2JH6RDww6qJ07lR+fac3N7pI6eDzLYLXpsT01oB12deYH9vtO3brWVA1VkKNnAwd8EYZT69sGWrdouKhAZk3UE4BA3K+pHMZiHxBdo9Rbijzb/uqNwD0I9dt/XHrE8Hb9kCU4oLmmaWDrTf0BHPHcYz9p6F4dsEp0E0qoZkBdgBqbqMnmcZnnnDLVUqLWpDd8kjPXGTgdPaeq29PCovLAAwOWwj8S9bJ82vEi2nT6mfVBmTAnG7ToOc+KgYHYTiidP4s+kpep0HX9JjF+c+w/MzleiroyOMq6sjDurDB/WQVwOfwBzPsJI1PRT6BtxAY8A4tbtSqPTbmjshPfSSM/OM/MVimWO89A/iZwwrX+uFwlUDf/ADqMEH3UA/ftMdb0oshW1BlhbCOqNtiDWNPAjNXGIeoKVimJalEGC1a4UzqcQXvKZQrYY1suOUAubYdpeb5e8Cub9e8ohKLLi3E7Kri8BOxn0XwdNg9jVG0PqVRiJKW0tNfpINDrXhC73iqpTjfRmVVLbaUyievWKSs4FhDpiVAQwUa8NWP6KDEzlo+I3pXW0lovn4GPifU6OogY5kD7nEDa5jbwyj1blETOQdRI/pVeZz06DPciKhn8PX6FHAHQgY/+ySbah8jHL1n1rSdERS+oqqqSwySQACdXPpOVjuDjB3Hxjp35SpzibxTT1W1QdtLfZhn8szDcA4mqNpJ2O0f3HiJa9s7aSutm2IxhA/l9yVAPuTPOgB9YBDzP2nNzK6L8VS9/I08Qr9OoXXLI2zoeQz1HaK6FwiE6DqVhuOq/3npXDfDiVrVxUyDWA0t1RV3Rh6539RPL+JcMe3rNRcYYHGeQYHkynqCJukVYXyexGh8NVcMM58pJ37Ebe42/OeicQ4/TSrboXKmoSQeSYyq6X98nB9PWeWcMRkYZIOOR329JrWRLimEqIGxuhyQVO2cMOhHMdZuLazqP4zby9Ko3HDeKJWRnTOkOyAkYD6diy91PQwrXkiC27gqNOAMAADkANgB2nUfzc+QnS2QheavPp0PT5/WBXXFaSI76iwRSzaATkejde20U8XqI5FJ1Z1bBKhnXUS6gBinnxzJABzgifJwhMkmypY0IQuNTay7B8vnVsulsYyeQ3mS/c0OVOLPpP1qT24Ogg5VlfW6oqMy6iH1OuxB2z8H8N41ScEI9NSi5ZijqCBszoSApXPUEjcRZdcHpuMMlxSGQVCO7qGRqpDhapxjTTDAaQfMvMmdufDldfpYKXFKkqqEx9N2phkfTgko//bTnpB6x5l/fDA38QKmbbJqa1LJpxpwGyGyMf5Cfgzzddo+8a8QXyUUQouo1GpsMNTbGgJp/pGzHA28wI2MzAryOl74Vz4hzbXO0J/mPWZtbgiXG8OI18F8DL+73iqrekdZXWqZgLk5gVA4Hfzz9DB3qOTkky+3pZl7W8L0BZAVefTlangz6DsGDIUZQ9PEZqu0pq095SEzttS2llxTGJO32EjeVNoGMhLciBlYRXfeUiKmZkkbEuWqZTiX26Qa8VGwm3AhMzZ+GeIi2peSqiVH8zsKL16gU/gTYqqLgasZJOrptMxRt84A5naeg2lIIioi7KAPc9Se5JkFyx06OTi8SsIU/GlfOFubWqf8ABVSraufRXbKA+5jx/EbGlqei1Fwd1ZkYbf1Kynceu0VXVFMZqqrY3CsA2D0O8z3E78ucZ2h1zOEs8Uf2gnFeIvULHOlAfvKvC/CzXrAdCcseyDn/AG+RFd5XLkIOU9M8G8N+jRViPM4BPov9I/f5mwq/Q6cNUuAABsBsB2A5TJeOuBm4T6iD/q0hkDq6dV9xzHyOs1bHYwWpyl2qoRTPJbLiIICuMHGzDGDNBw+qOhzKvGXANGbimvlJJqKP6D/jHoev374ztjeFTudu849Z6s6c6qPTOH3pX2PMf2jajUByRyxMVw+/1YyY/oVT0OCfsfeUxyTxi6xfUZ7jF/Wau6JSZ1XRzqmkmdIO+jDud/8AFj0i82FQnJsUJ707uuh/93YR5cWzq7NjIONxvy7iTtnJEL5Wn4ZcSa+iihVrUd1TiNH0SrSuU+U0qT8mPeFeNHBCPWo1e6VEa1rD082aRPoWHvL0eD3tNHUh0Vx/mAMK5r9QHw/szJfxMu0qXasmRmimoEYIYPUBB9cY/baY/VDeLU1Wq6rnSrFVyc4A2xk9uUXNL5VRHTnhbrndeYOGl1KN8FTpZolbU94fTXMpuExA9IeE7R4wLDERCrgwhLqSaKZ0TuVE+lD1p2CMFQ6o7idqJK7ZtpezbS1JQHL4gF3Vl9y+IsuaszMDu+86sqU5MOpU4rcClQcwy1Mg9GdoDBkuTXhfhzNGn4Db66i9lIZvYHl88ps6l2qjbbEyXht8K567fvL+J3mBjO5nMnEdHK6/6O3/ABEsSM+8RXl0OQg9zddIKgLGNnN9ZBsZ8Et1Z9T/AIFy7n/KoyR7nkPUiPF4vcKUuS7aC5UIGOjC7lAnLTjI+DENyNNs5H+Uf+6/vj7TtTi6G1SnqGpQpxvnUCc/fU33lZ59LcOs5XubXH/R6/Sugy5B2IBB9CMiZC/u3PEERXfQGTyB20/gDHKg46yPhHjqPborHDIdDe39B9sYEG4ZV+rfu45Kzn4UaB+0q3Uv5ZPizNbv4T/4M/HHEfp2xQHDVGVD/p3Zh9lx8zC1bJ0ppUI8lQZ2/pOTjPuBmOvHdYvURB/QpY9tT8vyUf8AlBLrxIho/RFDbQEGpxgYAAIwOYwDJaaenWUXFr/DmKtug9hfFCAeXQzW8P4lkc/aefpU29D+Rhlpesh3OV7yTz+xOxxnplK6zJOinlt6jnMvaX+pdj+cY21/0Ji0aDMqcYYbjkRyI7jt7RfxC40rk9AT9oVTvAdiZn/GFxpQKObn8hz/AGjZXZpIGnFTF3L6mZj1JP3OYJUltQmUHed1hxlDS62aS/lyZfYW51TWmSaGllbEyV5bYEeWNttJX1p5TB1GejBXK4lKtDeJLhsQEQ9RKWZn0jmfQw1HyPiWNU2gVZ958tSIvR34RuqkU3DxhcnaLaiZjQQ+t+cd2ygiL7O1McULUyeimDlVBiChN40NDMg9DEk1Toy4xjwKsER87HIPxgxXxG9DExtY2utCucEjY+vrEL8MqmoU0OWzyCk/IPUesX/GbevQPdjGlOzZE1Y595puB+FvpjXWA1c1Tnj1bpn0keMgbyjw+pPGl29MhxC4Io6e77+wGf1xGFtwGmwUnXuBkahucb9Jdwe2V2fUAQujmAcaiwyPkCPKFsQ3LlNjPnoeXkdmTM8PP8vdGmdkcqoB7HdG9cE4+TD+BVGp3lVcHf6gBwcfjDj8hNdRQdKYJPWGUrfIyQFX05kxuv8AIHzePz6ozGcLp1XvGepSdk1ucuh0kDKoMkYO2PtNU1rQG/00Q+iKP2jB2wNhueXpBBZljucn8pkoLvl1qfiKGP8AEXDWNTXSCkMAHGoDzDYHudsfaJ7yyqUSNa41DI67TfcSrpR8qJrqnl10+pmar2buxeqSWPSLrKpu7aV/AmsbgKRgkek0lvh8EHeZy8sSh1Ly/SEWPEGXb7yOslc6NKyOMEb94o4+S7gH+lQPk7n9RDU42unGOXWKWql2LHmTmHjzHQ7aagsr2sCWngx7cYxE1V8GdCbI6SQbRpbQ2zoDOYHQqgiH277Qr6Z/DQ2hGJVxCsAIspXemCcSv8yiZNiHi+75i7MvuqmoyhRmEQJtLUucCfTVeG7EYBxOQ9TGbZ8mWIp7TttRyY3o2u0jlwq1RJVBkLe31MBHFxbQjhVoA2Y61ReoZY8K2G0O/kMdI6tKI0ztxTAE2kUyZirRwZRWURjc84LUTM52WRCwugpxmae14htzmQqW++0tohh1jZ20DWUzW3PEcjnM5xFi2ZfbqTzh6WOY9bIxIT+F6XnqqRzQH7N/vNmtqCoOMd4t4ZYBahPdSPzB/aaO3QYKnbrtB8F19BFCpz+w/ftLUGfM3wssFIZONgOfqZ8vP0hAVikzHJHtIX1XQNCDLty9PWHVamlfUwWhb82O5MxhTR4dpBJ3Y7s3UmDXNpq+Os0r0cxfcUNXlHLqe/pFMZuhagty25e/+0tPgkO+pKugHmpTVjvg6hNHaWA225RxRpaYOt+hThmPEPh+jQscIvmV0ZnO7vzTc9vPyG0wdRsT0rxrVxbAf43UfYFv2nmV8Yf4HXygte6i2q+Zax3kkpZj+IT3RKzzG1MHEFoU8Q2mYj1SizCYp5lFW0zGVIS5qYxB2Y3RGQvLXECt184HrH/ElG8TWi+eUxqkd5hu+ALgCfSrhtfAE+lycP/Z\" alt=\"\" data-rotate=\"\" data-proportion=\"true\" data-size=\"244px,177px\" data-align=\"left\" data-file-name=\"해리케인.jpg\" data-file-size=\"6030\" data-origin=\",\"></figure></div><p><br></p><p><br></p><p><br></p><p><br></p><p><br></p><p>이건 사진테스트용 게시물입니다.&nbsp;이건 사진테스트용 게시물입니다.이건 사진테스트용 게시물입니다.이건 사진테스트용 게시물입니다.이건 사진테스트용 게시물입니다.이건 사진테스트용 게시물입니다.이건 사진테스트용 게시물입니다.이건 사진테스트용 게시물입니다.이건 사진테스트용 게시물입니다.이건 사진테스트용 게시물입니다.이건 사진테스트용 게시물입니다.이건 사진테스트용 게시물입니다.이건 사진테스트용 게시물입니다.이건 사진테스트용 게시물입니다.이건 사진테스트용 게시물입니다.이건 사진테스트용 게시물입니다.이건 사진테스트용 게시물입니다.이건 사진테스트용 게시물입니다.이건 사진테스트용 게시물입니다.이건 사진테스트용 게시물입니다.이건 사진테스트용 게시물입니다.이건 사진테스트용 게시물입니다.<br></p>','https://storage.googleapis.com/download/storage/v1/b/carrot_box555/o/img%2F49d5921b-f522-4182-b270-7ab48f369ac8-%EC%BC%80%EB%A0%88%EB%AA%A8%EB%8B%88.jpg?generation=1680670573755452&alt=media',0,0,'수혜자 없는 병원',21,'블록체인 테스트/하고 난 후에/완성하겠습니다'),
(42,95,20,0,200000,'2023-04-05 06:34:18','2023-04-19 14:30:00','블록체인 첫 트 ','<p>블록체인 첫 트 블록체인 첫 트 블록체인 첫 트 블록체인 첫 트 블록체인 첫 트 블록체인 첫 트 블록체인 첫 트 블록체인 첫 트 블록체인 첫 트 블록체인 첫 트 블록체인 첫 트 블록체인 첫 트 블록체인 첫 트 블록체인 첫 트 블록체인 첫 트 블록체인 첫 트 블록체인 첫 트 블록체인 첫 트 블록체인 첫 트 블록체인 첫 트 블록체인 첫 트 블록체인 첫 트 블록체인 첫 트 블록체인 첫 트 블록체인 첫 트 블록체인 첫 트 블록체인 첫 트 블록체인 첫 트 블록체인 첫 트 블록체인 첫 트 블록체인 첫 트 블록체인 첫 트 블록체인 첫 트 블록체인 첫 트 블록체인 첫 트 블록체인 첫 트 블록체인 첫 트 블록체인 첫 트 블록체인 첫 트 <br></p>','https://storage.googleapis.com/download/storage/v1/b/carrot_box555/o/img%2Fd82f32c1-f8f2-4fa0-b0fb-8f035d0cead3-%EB%8B%A4%EC%9A%B4%EB%A1%9C%EB%93%9C.jpg?generation=1680676458511341&alt=media',0,0,'수혜자 없는 병원',21,'블록체인 테스트/하고 난 후에/완성하겠습니다'),
(43,95,13,0,200000,'2023-04-05 06:38:49','2023-04-12 15:30:00','블록체인 첫 트입니다     ','<p>블록체인 첫 트입니다     블록체인 첫 트입니다     블록체인 첫 트입니다     블록체인 첫 트입니다     블록체인 첫 트입니다     블록체인 첫 트입니다     블록체인 첫 트입니다     블록체인 첫 트입니다     블록체인 첫 트입니다     블록체인 첫 트입니다     블록체인 첫 트입니다     블록체인 첫 트입니다     블록체인 첫 트입니다     블록체인 첫 트입니다     블록체인 첫 트입니다     블록체인 첫 트입니다     블록체인 첫 트입니다     블록체인 첫 트입니다     블록체인 첫 트입니다     블록체인 첫 트입니다     블록체인 첫 트입니다     블록체인 첫 트입니다     블록체인 첫 트입니다     블록체인 첫 트입니다     블록체인 첫 트입니다     블록체인 첫 트입니다     블록체인 첫 트입니다     블록체인 첫 트입니다     블록체인 첫 트입니다     블록체인 첫 트입니다     블록체인 첫 트입니다     블록체인 첫 트입니다     블록체인 첫 트입니다     블록체인 첫 트입니다     <br></p>','https://storage.googleapis.com/download/storage/v1/b/carrot_box555/o/img%2F1d64349f-c96b-4bc9-9d97-e753b7e7e62f-%EB%8B%A4%EC%9A%B4%EB%A1%9C%EB%93%9C.jpg?generation=1680676729474029&alt=media',0,0,'수혜자 없는 병원',21,'블록체인 테스트/하고 난 후에/완성하겠습니다'),
(44,95,13,0,2000000,'2023-04-05 06:39:42','2023-04-12 15:00:00','블록체인 첫 트입니다     ','<p>블록체인 첫 트입니다     블록체인 첫 트입니다     블록체인 첫 트입니다     블록체인 첫 트입니다     블록체인 첫 트입니다     블록체인 첫 트입니다     블록체인 첫 트입니다     블록체인 첫 트입니다     블록체인 첫 트입니다     블록체인 첫 트입니다     블록체인 첫 트입니다     블록체인 첫 트입니다     블록체인 첫 트입니다     블록체인 첫 트입니다     블록체인 첫 트입니다     블록체인 첫 트입니다     블록체인 첫 트입니다     블록체인 첫 트입니다     블록체인 첫 트입니다     블록체인 첫 트입니다     블록체인 첫 트입니다     블록체인 첫 트입니다     블록체인 첫 트입니다     블록체인 첫 트입니다     블록체인 첫 트입니다     블록체인 첫 트입니다     블록체인 첫 트입니다     블록체인 첫 트입니다     블록체인 첫 트입니다     블록체인 첫 트입니다     블록체인 첫 트입니다     블록체인 첫 트입니다     블록체인 첫 트입니다     <br></p>','https://storage.googleapis.com/download/storage/v1/b/carrot_box555/o/img%2F4eade732-306a-4871-b445-676e6d8b6a32-%EB%8B%A4%EC%9A%B4%EB%A1%9C%EB%93%9C.jpg?generation=1680676782045738&alt=media',0,0,'수혜자 없는 병원',21,'블록체인 테스트/하고 난 후에/완성하겠습니다'),
(45,95,13,0,2000000,'2023-04-05 06:42:27','2023-04-12 15:00:00','블록체인 첫 트입니다     ','<p>블록체인 첫 트입니다     블록체인 첫 트입니다     블록체인 첫 트입니다     블록체인 첫 트입니다     블록체인 첫 트입니다     블록체인 첫 트입니다     블록체인 첫 트입니다     블록체인 첫 트입니다     블록체인 첫 트입니다     블록체인 첫 트입니다     블록체인 첫 트입니다     블록체인 첫 트입니다     블록체인 첫 트입니다     블록체인 첫 트입니다     블록체인 첫 트입니다     블록체인 첫 트입니다     블록체인 첫 트입니다     블록체인 첫 트입니다     블록체인 첫 트입니다     블록체인 첫 트입니다     블록체인 첫 트입니다     블록체인 첫 트입니다     블록체인 첫 트입니다     블록체인 첫 트입니다     블록체인 첫 트입니다     블록체인 첫 트입니다     블록체인 첫 트입니다     블록체인 첫 트입니다     블록체인 첫 트입니다     블록체인 첫 트입니다     블록체인 첫 트입니다     블록체인 첫 트입니다     블록체인 첫 트입니다     <br></p>','https://storage.googleapis.com/download/storage/v1/b/carrot_box555/o/img%2F4eade732-306a-4871-b445-676e6d8b6a32-%EB%8B%A4%EC%9A%B4%EB%A1%9C%EB%93%9C.jpg?generation=1680676782045738&alt=media',0,0,'수혜자 없는 병원',21,'블록체인 테스트/하고 난 후에/완성하겠습니다'),
(46,95,13,0,2000000,'2023-04-05 06:43:32','2023-04-12 15:00:00','블록체인 첫 트입니다     ','<p>블록체인 첫 트입니다     블록체인 첫 트입니다     블록체인 첫 트입니다     블록체인 첫 트입니다     블록체인 첫 트입니다     블록체인 첫 트입니다     블록체인 첫 트입니다     블록체인 첫 트입니다     블록체인 첫 트입니다     블록체인 첫 트입니다     블록체인 첫 트입니다     블록체인 첫 트입니다     블록체인 첫 트입니다     블록체인 첫 트입니다     블록체인 첫 트입니다     블록체인 첫 트입니다     블록체인 첫 트입니다     블록체인 첫 트입니다     블록체인 첫 트입니다     블록체인 첫 트입니다     블록체인 첫 트입니다     블록체인 첫 트입니다     블록체인 첫 트입니다     블록체인 첫 트입니다     블록체인 첫 트입니다     블록체인 첫 트입니다     블록체인 첫 트입니다     블록체인 첫 트입니다     블록체인 첫 트입니다     블록체인 첫 트입니다     블록체인 첫 트입니다     블록체인 첫 트입니다     블록체인 첫 트입니다     <br></p>','https://storage.googleapis.com/download/storage/v1/b/carrot_box555/o/img%2F4eade732-306a-4871-b445-676e6d8b6a32-%EB%8B%A4%EC%9A%B4%EB%A1%9C%EB%93%9C.jpg?generation=1680676782045738&alt=media',0,0,'수혜자 없는 병원',21,'블록체인 테스트/하고 난 후에/완성하겠습니다'),
(47,95,13,0,2000000,'2023-04-05 06:49:01','2023-04-12 15:00:00','블록체인 첫 트입니다     ','<p>블록체인 첫 트입니다     블록체인 첫 트입니다     블록체인 첫 트입니다     블록체인 첫 트입니다     블록체인 첫 트입니다     블록체인 첫 트입니다     블록체인 첫 트입니다     블록체인 첫 트입니다     블록체인 첫 트입니다     블록체인 첫 트입니다     블록체인 첫 트입니다     블록체인 첫 트입니다     블록체인 첫 트입니다     블록체인 첫 트입니다     블록체인 첫 트입니다     블록체인 첫 트입니다     블록체인 첫 트입니다     블록체인 첫 트입니다     블록체인 첫 트입니다     블록체인 첫 트입니다     블록체인 첫 트입니다     블록체인 첫 트입니다     블록체인 첫 트입니다     블록체인 첫 트입니다     블록체인 첫 트입니다     블록체인 첫 트입니다     블록체인 첫 트입니다     블록체인 첫 트입니다     블록체인 첫 트입니다     블록체인 첫 트입니다     블록체인 첫 트입니다     블록체인 첫 트입니다     블록체인 첫 트입니다     <br></p>','https://storage.googleapis.com/download/storage/v1/b/carrot_box555/o/img%2F4eade732-306a-4871-b445-676e6d8b6a32-%EB%8B%A4%EC%9A%B4%EB%A1%9C%EB%93%9C.jpg?generation=1680676782045738&alt=media',0,0,'수혜자 없는 병원',21,'블록체인 테스트/하고 난 후에/완성하겠습니다'),
(48,95,13,0,2000000,'2023-04-05 06:49:58','2023-04-12 15:00:00','블록체인 첫 트입니다     ','<p>블록체인 첫 트입니다     블록체인 첫 트입니다     블록체인 첫 트입니다     블록체인 첫 트입니다     블록체인 첫 트입니다     블록체인 첫 트입니다     블록체인 첫 트입니다     블록체인 첫 트입니다     블록체인 첫 트입니다     블록체인 첫 트입니다     블록체인 첫 트입니다     블록체인 첫 트입니다     블록체인 첫 트입니다     블록체인 첫 트입니다     블록체인 첫 트입니다     블록체인 첫 트입니다     블록체인 첫 트입니다     블록체인 첫 트입니다     블록체인 첫 트입니다     블록체인 첫 트입니다     블록체인 첫 트입니다     블록체인 첫 트입니다     블록체인 첫 트입니다     블록체인 첫 트입니다     블록체인 첫 트입니다     블록체인 첫 트입니다     블록체인 첫 트입니다     블록체인 첫 트입니다     블록체인 첫 트입니다     블록체인 첫 트입니다     블록체인 첫 트입니다     블록체인 첫 트입니다     블록체인 첫 트입니다     <br></p>','https://storage.googleapis.com/download/storage/v1/b/carrot_box555/o/img%2F4eade732-306a-4871-b445-676e6d8b6a32-%EB%8B%A4%EC%9A%B4%EB%A1%9C%EB%93%9C.jpg?generation=1680676782045738&alt=media',0,0,'수혜자 없는 병원',21,'블록체인 테스트/하고 난 후에/완성하겠습니다'),
(49,97,35,0,100000,'2023-04-05 06:58:13','2023-05-03 15:30:00','블록체인 이 트  ','<p>블록체인 이 트  블록체인 이 트  블록체인 이 트  블록체인 이 트  블록체인 이 트  블록체인 이 트  블록체인 이 트  블록체인 이 트  블록체인 이 트  블록체인 이 트  블록체인 이 트  블록체인 이 트  블록체인 이 트  블록체인 이 트  블록체인 이 트  블록체인 이 트  블록체인 이 트  블록체인 이 트  블록체인 이 트  블록체인 이 트  블록체인 이 트  블록체인 이 트  블록체인 이 트  블록체인 이 트  블록체인 이 트  블록체인 이 트  블록체인 이 트  블록체인 이 트  블록체인 이 트  블록체인 이 트  블록체인 이 트  블록체인 이 트  블록체인 이 트  블록체인 이 트  블록체인 이 트  <br></p>','https://storage.googleapis.com/download/storage/v1/b/carrot_box555/o/img%2F81b620f5-4ca9-4634-9547-a3b7c55fd7a3-human-chain1.png?generation=1680677893571752&alt=media',0,0,'수혜자 없는 병원',21,'블록체인 테스트/하고 난 후에/완성하겠습니다'),
(50,97,35,0,100000,'2023-04-05 06:59:00','2023-05-03 15:30:00','블록체인 이 트  ','<p>블록체인 이 트  블록체인 이 트  블록체인 이 트  블록체인 이 트  블록체인 이 트  블록체인 이 트  블록체인 이 트  블록체인 이 트  블록체인 이 트  블록체인 이 트  블록체인 이 트  블록체인 이 트  블록체인 이 트  블록체인 이 트  블록체인 이 트  블록체인 이 트  블록체인 이 트  블록체인 이 트  블록체인 이 트  블록체인 이 트  블록체인 이 트  블록체인 이 트  블록체인 이 트  블록체인 이 트  블록체인 이 트  블록체인 이 트  블록체인 이 트  블록체인 이 트  블록체인 이 트  블록체인 이 트  블록체인 이 트  블록체인 이 트  블록체인 이 트  블록체인 이 트  블록체인 이 트  <br></p>','https://storage.googleapis.com/download/storage/v1/b/carrot_box555/o/img%2F81b620f5-4ca9-4634-9547-a3b7c55fd7a3-human-chain1.png?generation=1680677893571752&alt=media',0,0,'수혜자 없는 병원',21,'블록체인 테스트/하고 난 후에/완성하겠습니다'),
(51,97,35,0,100000,'2023-04-05 06:59:02','2023-05-03 15:30:00','블록체인 이 트  ','<p>블록체인 이 트  블록체인 이 트  블록체인 이 트  블록체인 이 트  블록체인 이 트  블록체인 이 트  블록체인 이 트  블록체인 이 트  블록체인 이 트  블록체인 이 트  블록체인 이 트  블록체인 이 트  블록체인 이 트  블록체인 이 트  블록체인 이 트  블록체인 이 트  블록체인 이 트  블록체인 이 트  블록체인 이 트  블록체인 이 트  블록체인 이 트  블록체인 이 트  블록체인 이 트  블록체인 이 트  블록체인 이 트  블록체인 이 트  블록체인 이 트  블록체인 이 트  블록체인 이 트  블록체인 이 트  블록체인 이 트  블록체인 이 트  블록체인 이 트  블록체인 이 트  블록체인 이 트  <br></p>','https://storage.googleapis.com/download/storage/v1/b/carrot_box555/o/img%2F81b620f5-4ca9-4634-9547-a3b7c55fd7a3-human-chain1.png?generation=1680677893571752&alt=media',0,0,'수혜자 없는 병원',21,'블록체인 테스트/하고 난 후에/완성하겠습니다'),
(52,97,35,0,100000,'2023-04-05 06:59:28','2023-05-03 15:30:00','블록체인 이 트  ','<p>블록체인 이 트  블록체인 이 트  블록체인 이 트  블록체인 이 트  블록체인 이 트  블록체인 이 트  블록체인 이 트  블록체인 이 트  블록체인 이 트  블록체인 이 트  블록체인 이 트  블록체인 이 트  블록체인 이 트  블록체인 이 트  블록체인 이 트  블록체인 이 트  블록체인 이 트  블록체인 이 트  블록체인 이 트  블록체인 이 트  블록체인 이 트  블록체인 이 트  블록체인 이 트  블록체인 이 트  블록체인 이 트  블록체인 이 트  블록체인 이 트  블록체인 이 트  블록체인 이 트  블록체인 이 트  블록체인 이 트  블록체인 이 트  블록체인 이 트  블록체인 이 트  블록체인 이 트  <br></p>','https://storage.googleapis.com/download/storage/v1/b/carrot_box555/o/img%2F81b620f5-4ca9-4634-9547-a3b7c55fd7a3-human-chain1.png?generation=1680677893571752&alt=media',0,0,'수혜자 없는 병원',21,'블록체인 테스트/하고 난 후에/완성하겠습니다'),
(53,97,35,0,100000,'2023-04-05 06:59:50','2023-05-03 15:30:00','블록체인 이 트  ','<p>블록체인 이 트  블록체인 이 트  블록체인 이 트  블록체인 이 트  블록체인 이 트  블록체인 이 트  블록체인 이 트  블록체인 이 트  블록체인 이 트  블록체인 이 트  블록체인 이 트  블록체인 이 트  블록체인 이 트  블록체인 이 트  블록체인 이 트  블록체인 이 트  블록체인 이 트  블록체인 이 트  블록체인 이 트  블록체인 이 트  블록체인 이 트  블록체인 이 트  블록체인 이 트  블록체인 이 트  블록체인 이 트  블록체인 이 트  블록체인 이 트  블록체인 이 트  블록체인 이 트  블록체인 이 트  블록체인 이 트  블록체인 이 트  블록체인 이 트  블록체인 이 트  블록체인 이 트  <br></p>','https://storage.googleapis.com/download/storage/v1/b/carrot_box555/o/img%2F81b620f5-4ca9-4634-9547-a3b7c55fd7a3-human-chain1.png?generation=1680677893571752&alt=media',0,0,'수혜자 없는 병원',21,'블록체인 테스트/하고 난 후에/완성하겠습니다'),
(54,96,22,0,20000000,'2023-04-06 00:17:39','2023-04-20 09:30:00','캡틴박의 무릎을 치료해주세요','<p>위숭빠레&nbsp; &nbsp; &nbsp;위숭빠레&nbsp; &nbsp; &nbsp;위숭빠레&nbsp; &nbsp; &nbsp;위숭빠레&nbsp; &nbsp; &nbsp;위숭빠레&nbsp; &nbsp; &nbsp;위숭빠레&nbsp; &nbsp; &nbsp;위숭빠레&nbsp; &nbsp; &nbsp;위숭빠레&nbsp; &nbsp; &nbsp;위숭빠레&nbsp; &nbsp; &nbsp;위숭빠레&nbsp; &nbsp; &nbsp;위숭빠레&nbsp; &nbsp; &nbsp;위숭빠레&nbsp; &nbsp; &nbsp;위숭빠레&nbsp; &nbsp; &nbsp;위숭빠레&nbsp; &nbsp; &nbsp;위숭빠레&nbsp; &nbsp; &nbsp;위숭빠레&nbsp; &nbsp; &nbsp;위숭빠레&nbsp; &nbsp; &nbsp;위숭빠레&nbsp; &nbsp; &nbsp;위숭빠레&nbsp; &nbsp; &nbsp;위숭빠레&nbsp; &nbsp; &nbsp;위숭빠레&nbsp; &nbsp; &nbsp;위숭빠레&nbsp; &nbsp; &nbsp;위숭빠레&nbsp; &nbsp; &nbsp;위숭빠레&nbsp; &nbsp; &nbsp;위숭빠레&nbsp; &nbsp; &nbsp;위숭빠레&nbsp; &nbsp; &nbsp;위숭빠레&nbsp; &nbsp; &nbsp;위숭빠레&nbsp; &nbsp; &nbsp;위숭빠레&nbsp; &nbsp; &nbsp;위숭빠레&nbsp; &nbsp; &nbsp;위숭빠레&nbsp; &nbsp; &nbsp;위숭빠레&nbsp; &nbsp; &nbsp;위숭빠레&nbsp; &nbsp; &nbsp;위숭빠레&nbsp; &nbsp; &nbsp;위숭빠레&nbsp; &nbsp; &nbsp;위숭빠레&nbsp; &nbsp; &nbsp;위숭빠레&nbsp; &nbsp; &nbsp;위숭빠레&nbsp; &nbsp; &nbsp;위숭빠레&nbsp; &nbsp; &nbsp;위숭빠레&nbsp; &nbsp; &nbsp;위숭빠레&nbsp; &nbsp; &nbsp;위숭빠레&nbsp; &nbsp; &nbsp;위숭빠레&nbsp; &nbsp; &nbsp;위숭빠레&nbsp; &nbsp; &nbsp;위숭빠레&nbsp; &nbsp; &nbsp;위숭빠레&nbsp; &nbsp; &nbsp;위숭빠레&nbsp; &nbsp; &nbsp;위숭빠레&nbsp; &nbsp; &nbsp;위숭빠레&nbsp; &nbsp; &nbsp;위숭빠레&nbsp; &nbsp; &nbsp;위숭빠레&nbsp; &nbsp; &nbsp;위숭빠레&nbsp; &nbsp; &nbsp;위숭빠레&nbsp; &nbsp; &nbsp;위숭빠레&nbsp; &nbsp; &nbsp;위숭빠레&nbsp; &nbsp; &nbsp;위숭빠레&nbsp; &nbsp; &nbsp;위숭빠레&nbsp; &nbsp; &nbsp;위숭빠레&nbsp; &nbsp; &nbsp;위숭빠레&nbsp; &nbsp; &nbsp;위숭빠레&nbsp; &nbsp; &nbsp;위숭빠레&nbsp; &nbsp; &nbsp;위숭빠레&nbsp; &nbsp; &nbsp;위숭빠레&nbsp; &nbsp; &nbsp;위숭빠레&nbsp; &nbsp; &nbsp;위숭빠레&nbsp; &nbsp; &nbsp;위숭빠레&nbsp; &nbsp; &nbsp;위숭빠레&nbsp; &nbsp; &nbsp;위숭빠레&nbsp; &nbsp; &nbsp;위숭빠레&nbsp; &nbsp; &nbsp;위숭빠레&nbsp; &nbsp; &nbsp;위숭빠레&nbsp; &nbsp; &nbsp;위숭빠레&nbsp; &nbsp; &nbsp;위숭빠레&nbsp; &nbsp; &nbsp;</p>','https://storage.googleapis.com/download/storage/v1/b/carrot_box555/o/img%2F4c191cfa-5bfe-4de9-921c-a23b5181e65f-%EC%9C%84%EC%88%AD%EB%B9%A0%EB%A0%88.jpg?generation=1680740259322221&alt=media',0,0,'수혜자 없는 병원',21,'블록체인 테스트/하고 난 후에/완성하겠습니다'),
(55,99,7,11000,30000,'2023-04-06 00:27:16','2023-04-20 09:30:00','손흥민 인스타 다시 팔로우하자','<p>김민재&nbsp; &nbsp; &nbsp; &nbsp;김민재&nbsp; &nbsp; &nbsp; &nbsp;김민재&nbsp; &nbsp; &nbsp; &nbsp;김민재&nbsp; &nbsp; &nbsp; &nbsp;김민재&nbsp; &nbsp; &nbsp; &nbsp;김민재&nbsp; &nbsp; &nbsp; &nbsp;김민재&nbsp; &nbsp; &nbsp; &nbsp;김민재&nbsp; &nbsp; &nbsp; &nbsp;김민재&nbsp; &nbsp; &nbsp; &nbsp;김민재&nbsp; &nbsp; &nbsp; &nbsp;김민재&nbsp; &nbsp; &nbsp; &nbsp;김민재&nbsp; &nbsp; &nbsp; &nbsp;김민재&nbsp; &nbsp; &nbsp; &nbsp;김민재&nbsp; &nbsp; &nbsp; &nbsp;김민재&nbsp; &nbsp; &nbsp; &nbsp;김민재&nbsp; &nbsp; &nbsp; &nbsp;김민재&nbsp; &nbsp; &nbsp; &nbsp;김민재&nbsp; &nbsp; &nbsp; &nbsp;김민재&nbsp; &nbsp; &nbsp; &nbsp;김민재&nbsp; &nbsp; &nbsp; &nbsp;김민재&nbsp; &nbsp; &nbsp; &nbsp;김민재&nbsp; &nbsp; &nbsp; &nbsp;김민재&nbsp; &nbsp; &nbsp; &nbsp;김민재&nbsp; &nbsp; &nbsp; &nbsp;김민재&nbsp; &nbsp; &nbsp; &nbsp;김민재&nbsp; &nbsp; &nbsp; &nbsp;김민재&nbsp; &nbsp; &nbsp; &nbsp;김민재&nbsp; &nbsp; &nbsp; &nbsp;김민재&nbsp; &nbsp; &nbsp; &nbsp;김민재&nbsp; &nbsp; &nbsp; &nbsp;김민재&nbsp; &nbsp; &nbsp; &nbsp;김민재&nbsp; &nbsp; &nbsp; &nbsp;김민재&nbsp; &nbsp; &nbsp; &nbsp;김민재&nbsp; &nbsp; &nbsp; &nbsp;김민재&nbsp; &nbsp; &nbsp; &nbsp;김민재&nbsp; &nbsp; &nbsp; &nbsp;김민재&nbsp; &nbsp; &nbsp; &nbsp;김민재&nbsp; &nbsp; &nbsp; &nbsp;김민재&nbsp; &nbsp; &nbsp; &nbsp;김민재&nbsp; &nbsp; &nbsp; &nbsp;김민재&nbsp; &nbsp; &nbsp; &nbsp;김민재&nbsp; &nbsp; &nbsp; &nbsp;김민재&nbsp; &nbsp; &nbsp; &nbsp;김민재&nbsp; &nbsp; &nbsp; &nbsp;김민재&nbsp; &nbsp; &nbsp; &nbsp;김민재&nbsp; &nbsp; &nbsp; &nbsp;김민재&nbsp; &nbsp; &nbsp; &nbsp;김민재&nbsp; &nbsp; &nbsp; &nbsp;김민재&nbsp; &nbsp; &nbsp; &nbsp;김민재&nbsp; &nbsp; &nbsp; &nbsp;</p>','https://storage.googleapis.com/download/storage/v1/b/carrot_box555/o/img%2F4d34633f-54cb-4258-b2ea-71ee8d120533-%EA%B9%80%EB%AF%BC%EC%9E%AC.jpg?generation=1680740835932883&alt=media',0,0,'수혜자 없는 병원',21,'블록체인 테스트/하고 난 후에/완성하겠습니다'),
(56,95,13,90000,100000,'2023-04-06 02:52:19','2023-05-04 10:30:00','까맣게 타버렸어','<p>까맣게 타버렸어&nbsp; &nbsp; &nbsp; &nbsp; &nbsp;&nbsp;까맣게 타버렸어&nbsp; &nbsp; &nbsp; &nbsp; &nbsp;&nbsp;까맣게 타버렸어&nbsp; &nbsp; &nbsp; &nbsp; &nbsp;&nbsp;까맣게 타버렸어&nbsp; &nbsp; &nbsp; &nbsp; &nbsp;&nbsp;까맣게 타버렸어&nbsp; &nbsp; &nbsp; &nbsp; &nbsp;&nbsp;까맣게 타버렸어&nbsp; &nbsp; &nbsp; &nbsp; &nbsp;&nbsp;까맣게 타버렸어&nbsp; &nbsp; &nbsp; &nbsp; &nbsp;&nbsp;까맣게 타버렸어&nbsp; &nbsp; &nbsp; &nbsp; &nbsp;&nbsp;까맣게 타버렸어&nbsp; &nbsp; &nbsp; &nbsp; &nbsp;&nbsp;까맣게 타버렸어&nbsp; &nbsp; &nbsp; &nbsp; &nbsp;&nbsp;까맣게 타버렸어&nbsp; &nbsp; &nbsp; &nbsp; &nbsp;&nbsp;까맣게 타버렸어&nbsp; &nbsp; &nbsp; &nbsp; &nbsp;&nbsp;까맣게 타버렸어&nbsp; &nbsp; &nbsp; &nbsp; &nbsp;&nbsp;까맣게 타버렸어&nbsp; &nbsp; &nbsp; &nbsp; &nbsp;&nbsp;까맣게 타버렸어&nbsp; &nbsp; &nbsp; &nbsp; &nbsp;&nbsp;까맣게 타버렸어&nbsp; &nbsp; &nbsp; &nbsp; &nbsp;&nbsp;까맣게 타버렸어&nbsp; &nbsp; &nbsp; &nbsp; &nbsp;&nbsp;까맣게 타버렸어&nbsp; &nbsp; &nbsp; &nbsp; &nbsp;&nbsp;까맣게 타버렸어&nbsp; &nbsp; &nbsp; &nbsp; &nbsp;&nbsp;까맣게 타버렸어&nbsp; &nbsp; &nbsp; &nbsp; &nbsp;&nbsp;까맣게 타버렸어&nbsp; &nbsp; &nbsp; &nbsp; &nbsp;&nbsp;까맣게 타버렸어&nbsp; &nbsp; &nbsp; &nbsp; &nbsp;&nbsp;까맣게 타버렸어&nbsp; &nbsp; &nbsp; &nbsp; &nbsp;&nbsp;까맣게 타버렸어&nbsp; &nbsp; &nbsp; &nbsp; &nbsp;&nbsp;까맣게 타버렸어&nbsp; &nbsp; &nbsp; &nbsp; &nbsp;&nbsp;까맣게 타버렸어&nbsp; &nbsp; &nbsp; &nbsp; &nbsp;&nbsp;까맣게 타버렸어&nbsp; &nbsp; &nbsp; &nbsp; &nbsp;&nbsp;까맣게 타버렸어&nbsp; &nbsp; &nbsp; &nbsp; &nbsp;&nbsp;까맣게 타버렸어&nbsp; &nbsp; &nbsp; &nbsp; &nbsp;&nbsp;까맣게 타버렸어&nbsp; &nbsp; &nbsp; &nbsp; &nbsp;&nbsp;까맣게 타버렸어&nbsp; &nbsp; &nbsp; &nbsp; &nbsp;&nbsp;까맣게 타버렸어&nbsp; &nbsp; &nbsp; &nbsp; &nbsp;&nbsp;까맣게 타버렸어&nbsp; &nbsp; &nbsp; &nbsp; &nbsp;&nbsp;까맣게 타버렸어&nbsp; &nbsp; &nbsp; &nbsp; &nbsp;&nbsp;까맣게 타버렸어&nbsp; &nbsp; &nbsp; &nbsp; &nbsp;&nbsp;까맣게 타버렸어&nbsp; &nbsp; &nbsp; &nbsp; &nbsp;&nbsp;까맣게 타버렸어&nbsp; &nbsp; &nbsp; &nbsp; &nbsp;&nbsp;까맣게 타버렸어&nbsp; &nbsp; &nbsp; &nbsp; &nbsp;&nbsp;까맣게 타버렸어&nbsp; &nbsp; &nbsp; &nbsp; &nbsp;&nbsp;까맣게 타버렸어&nbsp; &nbsp; &nbsp; &nbsp; &nbsp;&nbsp;까맣게 타버렸어&nbsp; &nbsp; &nbsp; &nbsp; &nbsp;&nbsp;까맣게 타버렸어&nbsp; &nbsp; &nbsp; &nbsp; &nbsp;&nbsp;</p>','https://storage.googleapis.com/download/storage/v1/b/carrot_box555/o/img%2Fdc69b6b4-d793-41ed-b37f-bbf97d90b3e4-%EB%8B%A4%EC%9A%B4%EB%A1%9C%EB%93%9C.jpg?generation=1680749538849308&alt=media',0,0,'수혜자 없는 병원',21,'블록체인 테스트/하고 난 후에/완성하겠습니다'),
(57,101,35,0,2000000,'2023-04-06 05:42:10','2023-04-27 15:30:00','팔다쳐서 조울한 구강암환자','<div class=\"se-component se-image-container __se__float-none\" contenteditable=\"false\"><figure><img src=\"data:image/jpeg;base64,/9j/4AAQSkZJRgABAQABLAEsAAD/4RbhRXhpZgAASUkqAOYUAAD/2P/tAAxBZG9iZV9DTQAB/+4ADkFkb2JlAGSAAAAAAf/bAIQADAgICAkIDAkJDBELCgsRFQ8MDA8VGBMTFRMTGBEMDAwMDAwRDAwMDAwMDAwMDAwMDAwMDAwMDAwMDAwMDAwMDAENCwsNDg0QDg4QFA4ODhQUDg4ODhQRDAwMDAwREQwMDAwMDBEMDAwMDAwMDAwMDAwMDAwMDAwMDAwMDAwMDAwM/8AAEQgAawCgAwEiAAIRAQMRAf/dAAQACv/EAT8AAAEFAQEBAQEBAAAAAAAAAAMAAQIEBQYHCAkKCwEAAQUBAQEBAQEAAAAAAAAAAQACAwQFBgcICQoLEAABBAEDAgQCBQcGCAUDDDMBAAIRAwQhEjEFQVFhEyJxgTIGFJGhsUIjJBVSwWIzNHKC0UMHJZJT8OHxY3M1FqKygyZEk1RkRcKjdDYX0lXiZfKzhMPTdePzRieUpIW0lcTU5PSltcXV5fVWZnaGlqa2xtbm9jdHV2d3h5ent8fX5/cRAAICAQIEBAMEBQYHBwYFNQEAAhEDITESBEFRYXEiEwUygZEUobFCI8FS0fAzJGLhcoKSQ1MVY3M08SUGFqKygwcmNcLSRJNUoxdkRVU2dGXi8rOEw9N14/NGlKSFtJXE1OT0pbXF1eX1VmZ2hpamtsbW5vYnN0dXZ3eHl6e3x//aAAwDAQACEQMRAD8Al9bnUjMoDzFpoHp6AggWP31/1nexZWQW1mmppfYzbvp3kBrSHON/o/vt3t967XJ6Vh51rLMqqu41iGeo1zo13fQ9Rlf0lboxKqWhlX6NrZ2tqaysCdXbfTZubu/roGJJ3SJgRrhs9/8AvUfRgf2RhyIPo1yP7A8YV0NTMYGzEmTJLiXEn+s8uciTWwbrHBjf3nEAfe5PGgYzuu1ikQ1oJc5rQ0w4kgAHwcT9FY3W+s1tDen4Fw+0Wtdbfew6U0s+k4uE++383+ouXrdbmYxyWMuvxWunbeS0GJ3XM1/nEDIDddGEpbC30PYQdQptC4jon1mb03MZg3uc/plxArc4y6hzjtDh/wAFu9mRT/6EVf4Rdq21u8t7gwQiDaCK3aXUG/rR/qt/Iq0aq7nCcgn+S1VtuqYd1wRlqdg1HxUiEgOPimlLx2Oz3Xf8Y78qlZi0XNPq1td4EjUfBw9yNiVkuyP+NcjsqIadFQN8Rb3Rx7OmEa02uHg1/uHydpYp19R61gjVxtqbyHfpWx/ai9i020yOFXy6YqsPg2U+OSQWmESz6jmZWR9XLsqitrMkloDJ9ulzK36u2/mLJJAdO5zvAkrUymOH1Uytk7xuLNvO71m+n/0lQLO5AB7jwPdWQdA1ZCiQ1r99l+PabXtZUXbmFx2O3N9u/c7Z7VZbjZLjAZHx0QbzVVkYlloa5m+xoreWgElk+pNv6P2NY76f+kVinq3SMOltT8ylu0khrXb9oLi5tTdv5tTXemnAWtL/AP/Q631KqazZc4V1t+k48DsgWde6TSSDa55adp2NcQDG7buIaz/pKHVy5vR8t7G73sr3Mb4kFpC4+npbBk04ttu7IeJeGfmzFlnqu3Dc7f7U2ciNqXY4CW96mnu8LqNWXca663NaGteHOjUOJZ7QCfoQp9Ur34Yb2NjJ8tSJ1/lLn/qZn4+TlZtVT3vdW6t8vII2uPpfofzm1+pX9D/ri6PqLg3E1JAL2tIEe6Z/R6/S3J8dQL0tjmOEkDWni+p0XWdYFDC6lmVjtc+yJipkttYzaNzrfUf76/5zetw5OLX09uNRW4srIqewtIcwwXfpK6m32+ptb/M+n6v+k9NNk4tFgbkjR1T3O9zSLCSBW6pwZ7dz6nNb/YQ7XGqhtPTqqMZrHNdXZYSyHt9z3Mxqav03tco80eGdb6Bs8pLjx8W2p2/B5zrPS3GMvGDq22Ha6l7CCR+c/wBM7bK7FvYPXcGh9bb82oPc1sg2Bzydo/MZNm7/AK2pdSyKnYzsvJP6Jo1huwmI3Qw/RXm1WQ11vVswhwbfW5/p0u9J2316NjvU22Nb9BNxk6+CuYiND1L7Sbq8lteRU4Pqtra+t44c0iWuCGQq3QDv+r3SnTM4VEnz2BXHNTzuwBEQkBx8VMhNHHxCCXnum0l/2kgcXOWhVguNZJ7yVDoLNMr/AI4/kC2mMAqHwM/iq8YA6lnnMgkObV0yRHyVbP6W0VODjDS9lbyfBxa13/VLfrNfqCsOG8bpZ39pDH6fyXPYqXXhHS8sjkMLgfBwEtd/ZhOMIgXS0TJI1eU64yPqZ1LboG7i0jwGQwt2rOwcqvPxWZVUe8fpG/uvH84xy2OttJ+pXUSTJNJcSeSTZW4lcJ9X8b7Vh9ZYGlzrMUMp/wCMD2XafyttOz/rikAuPkxy3Pmx+sXUGZeVXVQd+PjSC8cOe7+cLT+41o2I3TvqzbndNGbi78p03etTQGzQ2rZ6d+S6XezI3WemzZX/ADP+EWOy4NxywcOIMLs/qTb1ejo3VP2XXQTdUbMyy/lmPW2xu6lsjdY9/rfS/R/o1IBQWEv/0en6g21/Tb2Ugm1zfYACSTLdNrVz+N0bI2P24F1dllkuse3Z7YIfu9Qt32bvzl0zWte3a8bh4FFZRjjipn+aD+VCUBI34UmOQxFDvxPM/Uzomf0nOybM4VVtvZXXS1tjHuJbZv1rre9zf0a6PrLy3A0DXTY0FrhIIhx/grLA0fRaG/AAfkWd9Zur4/R+kvzLhVZa0j7Jj2jcLLx/NbWB9ftp/nrn/mVJ4G3VZI3Z2eY+tfXsXA6Pk4GPmf5Taz0w2qXvY4lv2j1bG+yl2z1We9/q1rN+rH1tz8rGdi2YgzcrFq/RWCN762wybBY4bvT/AMM/+2uWcLLg4lwLrS51jnCSS4kvd/WduVe6uuvZSxocYhoPJTso4zZoLeXJxCgSe7v/AFo6/l5D205kU17RGNWQXR+89rHObX/1z9J/wSw2A23+s1pa0NAa1wA4nVPi4J9Rp2m257g1jGCZcTtYytg+k9zvoI2wtrG4wTq6PEpsYCIXzmZG3e6J9d+s9JeyvKcc/AGj8d597Gj/ALh3bdzHN/0T/wBC/wDkfTXp1V1ORTXfQ7fTexttT+NzHgWVuj+q5eHHdu04XrX1Xdt+rXSvD7Kz/vybkoJi65CiRqPiPypw6U/h8R+VMS5nQiAMye15/IrOd1DDxKCX5P2exxADySQ2T/OOZ7m+3+qqXSHaZevNpKzetZXTqLmWdRpfl4zbB6lLTBdAdsb+b7W2bXKsZHSI6mmyIxsmV8I1NeDp/VHPdntzMm3Ofl5j7iLWloZVWwEin7Pj/wDdljfWuv8A+t/4NaPWw49LzASDFTjMR+auO+r/AFBrvrWy/pWO7D6Tk+nj3VEixrXllzm1+2XUPvfXvr/M/lrr+t2t/Z2Tu+htBd8ARuUkj6TawxgJR4CTAgSHF8/+HwuU+mvI+rd9Vrd9b6iHNPcbmnssHFwcTDDm4tTaQ4gu2zqRxyV1Bh/Rctw4LbCJ8CQ7ssCE7sxE2T5uV1rAw29Jy7WY9TLAyQ9rGh0zzuAT/U6jMyehZ1XTMluLfQzKf1Ka9zrsd7aTi0Ntc07f5rN/4v1P+EVrrLZ6Nmf8WVD6k437Q6Pm4YvyMP7IMnIfZSQ1lzbGY7fs1rvz21fZ/wBLX/w6fDYrZP8A/9LrKyjsKBWjsTljKy+jGpsycmwVY9LTZba7hrW/ScvIPrD1/K+sHUjk2e1gHp4mMDpVVO5od/wtn85k2/nv/wCDZWur/wAZ+XkNxundPYSMfJdbde0cPNXpsoY/95tbrH27P7a4av8ARODmhkgOaNwkQ4bT+77vzmfy04BBK/ouaGhzg6eYBCZuPS20vBduI288f5w9qhXYWTuebANfULif876X/QSGZTY6WuLiOGgGP+ntR0UmZY+vbbWSx5BhwJBAeC1zdP5DnVqu5zuOw4Sde0AtnXsO/wA9soe/Te4wB4oEpAZudtYXHmCR/evYulUCjo/T6AC308Wlu1w2uB9Nrnbm/mu3FeKWPc+Rwwx7vD+U7+SvebWhri1sAN9oA0EDQbf5KiydF8WLGlF2mBp3Co2zvaSXQA4mDrpH0U1EOsZkMcdtjnNa0ucS0tnc1zSS3c1NA0J7IlOiBV3/AOitLox0v/lWH+KtZHTMLNaRkNLmn6TQYBHgVQ6I8+i4nkmT97lqsdoR4Sqhq25r0RdM6L03pJtOAx1Qu272lxcNJ27N30fpKfVbP1LJb41O/IUXfICq9TI+y3/8U78hRMtCjUyuRJPc6oOlj/sVcPChw+4BZIC2ulj/ALGbB4VWD/ohY4Cn6DyYJfMfNqdXb/kbM/4oql9TaOm5mJkY/VdtePjDIvxLHW+nvvezFbbTtkep6bKaH/8AXVo9UE9Izf8AiXfkWT9UcnpmPTknrFTLsYtuGG1zdzhklmP6nu/we6ptXvT4bFjk/wD/0+sr4R2KuxGaU5Y431z+r2R13plQwiPtuE91lNbiGixrwGW0eo/2VP8AZXZU9/6P2Lgs/wCp31g6Z06zqfUcWtmPTt9X9PW943OFTP0de/6T3tXrbSsH/GAf+xW0TG7JxxHjDnOj/o7k4Xsh8oGW5/0aTtb2mD921Mci6Q5uM2QTPqhtjSCC0ywhHOkhMSESPFQOtgNR9F7i128NDdWsAgD+yovpuc4Gw7gNB4BXP4KL9Gz5j8qFBNln0rCfldSwsNgbvvyKq6y/Vsl7fp/vM/kr224hz3uHDnEj5leG+pYwiyoltlZD6yNIc072On+s1e3U5LMuirLZ9DJrZc2PCxot/wC/qPINl0SitDtCAT7XAad/zUOjHv8AtHr2BuriXbZEz7d0Qr4OikO3xTQSAQOqpQEiCf0Xl+ll7aztMamZE8OetJjz3MzrK5/J63i9Fq9TJa5zbb3M9hEgBz9zod9Pn6DVqYPV+m5Vpx6Lg6whzq59oeWn9JVQ5389dV/OWMr/AMGqMoysmjX8G7Y2vX+LfLtoB1+ZQMxwfTaCOayO/gVZIG0fJBy2j7PaR+4fyFNN0kbseja/Vi3/AIu3/qAshp0Wt0PX6sXD+RaP+gFjsOiudI+TVl80vNbLDHYGS2wSw1P3DyjVch0Xr3UekF78J1Z9Vha9lzPUb7g0Oc1hLdr/ANGxdfka4WUP+At/6hyq/VXp2M/oLbLvqy3rDJcft4fXvMhr3VbHfpv0G70/+oUkOrHLxf/U6tqK1BaitT2NM1c3/jGLh0CiD7ftlYd/21kbP+kujao5vTcLquK7Az6/Ux7iJ5DmuH0Lqnj3Mur/ADEhoVPiTj7kk+XTfi5l+Jc0h9Nj6+Q76LnM3bme127b9Nn6NVnWvbp3TygNiI5Q3vBIaOZGnwMoAa90uLwyfP5pMqDvaywuJ5FcuJ/zdyalO6wMG55AA8f9kr2XpOFZ03pWH0+2wXWYtTa3WAEAnV3tDvdsZu9Nm9ebfUXouTZ9ZcXIdjO+z4Rdfc+1ha0FrXNp/nAN132h9Pp/9uL1PlRzPRfFm0qY7fEITSiDt8U1Lx7un4Oe+yvNqFzGXPc1riRB3Pb+bC1GCouALWkVO3VAgex23Zvq/cdsds9qz6T+sXDgC2z/AKt6MLtr3fFZ+QniIb0RYt0i8emJ7Qh5b/1ez+ofyFVH5X6P7kO/LBpcJ5aQm3onh1bvQTP1buH8m3/z2FitDiNCtb6vOn6v5A8Bb/57Cxq7YaO+ivjaPk05/NLzSWC37PkTBb6Ns/5j0/1FyPrDT9Xp6Zh42Xgse8l1thrsDzXW7Kb9L6P7iZ1k49/nVYP+g5R+ouP9Yrvq4+7pObjVYzXPacW+vc71PSrFz2WNG/8ATfmJ8Nixyf/V6lhRWlAYitT2NsMUOoZb8LAuya27rGANrB43vIrre+P8Gxzt707FU+sMfsW7dG3fVMz/AKRv+j9/+ajGrF7Xr5LZXwnh3o15vGW4LOoluPbUHBhJNhGg2gvftvq/0v8Ao2PUGfVfoDCJ3GTt2+sQAR9Lb9B9nuVzFj9sujds9Mx6k8QP53d+m/q71dx/X+1N2ejt3Hd9n9L1/pd/V9+3/i1enwcXq4br9KnPx+5wejiqz8vEi6n9UsTB6GL+l4jLs71KbHz+kea2n1HMq9Y2fSd6e+pn89X+jW70nq+JmYpdiWbHCPUYwCotP51bmM/ccrTftH7L09eI/O9COfz93uXJZfq/b7eI2j+a9P1ojX1f+D/74oJAUeIga6V/Y2QTpQJ0/S/9Cdr6v3C851+pdZY07jP0f0npgud9J239J/bWqSsn6uf0W740ccfzFX0VqH5qrk+ctrF8gZtRA7T5oQTpq55Rr9uVk/8AG2f9W5MXTZBMAnVQd/Ssnn+cf/1bkN3J5Wdk+cuhD5QlfcCwgoN2QBWR5H8iE76PdAt+geeCgKXPQ/VqyeiZLf8AjPxqCx2OG0fBaX1Y/wCSMnn8/wD89BZDJ2jngeCvDYeTRl80vNssBduaTo4QY8D7SqvTqsT6udc6Zl48sxb7XY+UHOJHub6VT3T+ZW6z1P7CsV/NVPrN/wAm1TE+s3n6X0bP9X/8GkDK6ET59EER4bMhf7r/AP/ZACIAmoIFAAEAAAC8FgAAnYIFAAEAAAC0FgAAIogDAAEAAAABAAAAJ4gDAAEAAACgAAAAMIgDAAEAAAACAAAAMogEAAEAAACgAAAAAJAHAAQAAAAwMjMwA5ACABQAAAA6FgAABJACABQAAAAmFgAAAZIKAAEAAACsFgAAApIFAAEAAACkFgAAA5IKAAEAAACcFgAABJIKAAEAAACUFgAABZIFAAEAAACMFgAAB5IDAAEAAAAFAAAACJIDAAEAAAAAAAAACZIDAAEAAAANAAAACpIFAAEAAACEFgAAAaADAAEAAAABAAAAAqAEAAEAAAC4CwAAA6AEAAEAAADQBwAAAKMHAAEAAAADAAAAAaMHAAEAAAABAAAAAaQDAAEAAAAAAAAAAqQDAAEAAAABAAAAA6QDAAEAAAABAAAABKQFAAEAAAB8FgAABaQDAAEAAAA0AAAABqQDAAEAAAAAAAAACKQDAAEAAAAAAAAACaQDAAEAAAAAAAAACqQDAAEAAAAAAAAAMqQFAAQAAADIFQAANKQCAB4AAAAIFgAAAAAAAAkADgECACAAAADoFQAADwECAAUAAADUFgAAEAECAAoAAABiFgAAGgEFAAEAAADMFgAAGwEFAAEAAADEFgAAKAEDAAEAAAABAAAAMQECACEAAACmFQAAMgECABQAAABOFgAAaYcEAAEAAABIEwAAWBUAAAYAAwEDAAEAAAAGAAAAGgEFAAEAAAB0FgAAGwEFAAEAAABsFgAAKAEDAAEAAAACAAAAAQIEAAEAAAAIAAAAAgIEAAEAAAA/EwAAAAAAAEFkb2JlIFBob3Rvc2hvcCAyNC4yIChNYWNpbnRvc2gpAABeAQAACgAAAF4BAAAKAAAAe3AAAIE+AAB7cAAAgT4AACAgICAgICAgICAgICAgICAgICAgICAgICAgICAgICAAU29ueSBGRSAzNW1tIEYxLjggKFNFTDM1RjE4RikAMjAyNDowMjoxMCAwOTowMDozMAAyMDI0OjAyOjEwIDA5OjAwOjMwADIwMjM6MDM6MjQgMTE6MzE6NDUASUxDRS03Uk00AEgAAAABAAAASAAAAAEAAAAQAAAAEAAAAF4BAAAKAAAAsgEAAAABAAAAAAAACgAAALQiAAAACgAA+uAZAEBCDwAYSmoAQEIPABIAAAAKAAAAAQAAAH0AAAAsAQAAAQAAACwBAAABAAAAU09OWQD/4gxYSUNDX1BST0ZJTEUAAQEAAAxITGlubwIQAABtbnRyUkdCIFhZWiAHzgACAAkABgAxAABhY3NwTVNGVAAAAABJRUMgc1JHQgAAAAAAAAAAAAAAAAAA9tYAAQAAAADTLUhQICAAAAAAAAAAAAAAAAAAAAAAAAAAAAAAAAAAAAAAAAAAAAAAAAAAAAAAAAAAAAAAABFjcHJ0AAABUAAAADNkZXNjAAABhAAAAGx3dHB0AAAB8AAAABRia3B0AAACBAAAABRyWFlaAAACGAAAABRnWFlaAAACLAAAABRiWFlaAAACQAAAABRkbW5kAAACVAAAAHBkbWRkAAACxAAAAIh2dWVkAAADTAAAAIZ2aWV3AAAD1AAAACRsdW1pAAAD+AAAABRtZWFzAAAEDAAAACR0ZWNoAAAEMAAAAAxyVFJDAAAEPAAACAxnVFJDAAAEPAAACAxiVFJDAAAEPAAACAx0ZXh0AAAAAENvcHlyaWdodCAoYykgMTk5OCBIZXdsZXR0LVBhY2thcmQgQ29tcGFueQAAZGVzYwAAAAAAAAASc1JHQiBJRUM2MTk2Ni0yLjEAAAAAAAAAAAAAABJzUkdCIElFQzYxOTY2LTIuMQAAAAAAAAAAAAAAAAAAAAAAAAAAAAAAAAAAAAAAAAAAAAAAAAAAAAAAAAAAAAAAAAAAWFlaIAAAAAAAAPNRAAEAAAABFsxYWVogAAAAAAAAAAAAAAAAAAAAAFhZWiAAAAAAAABvogAAOPUAAAOQWFlaIAAAAAAAAGKZAAC3hQAAGNpYWVogAAAAAAAAJKAAAA+EAAC2z2Rlc2MAAAAAAAAAFklFQyBodHRwOi8vd3d3LmllYy5jaAAAAAAAAAAAAAAAFklFQyBodHRwOi8vd3d3LmllYy5jaAAAAAAAAAAAAAAAAAAAAAAAAAAAAAAAAAAAAAAAAAAAAAAAAAAAAAAAAAAAAABkZXNjAAAAAAAAAC5JRUMgNjE5NjYtMi4xIERlZmF1bHQgUkdCIGNvbG91ciBzcGFjZSAtIHNSR0IAAAAAAAAAAAAAAC5JRUMgNjE5NjYtMi4xIERlZmF1bHQgUkdCIGNvbG91ciBzcGFjZSAtIHNSR0IAAAAAAAAAAAAAAAAAAAAAAAAAAAAAZGVzYwAAAAAAAAAsUmVmZXJlbmNlIFZpZXdpbmcgQ29uZGl0aW9uIGluIElFQzYxOTY2LTIuMQAAAAAAAAAAAAAALFJlZmVyZW5jZSBWaWV3aW5nIENvbmRpdGlvbiBpbiBJRUM2MTk2Ni0yLjEAAAAAAAAAAAAAAAAAAAAAAAAAAAAAAAAAAHZpZXcAAAAAABOk/gAUXy4AEM8UAAPtzAAEEwsAA1yeAAAAAVhZWiAAAAAAAEwJVgBQAAAAVx/nbWVhcwAAAAAAAAABAAAAAAAAAAAAAAAAAAAAAAAAAo8AAAACc2lnIAAAAABDUlQgY3VydgAAAAAAAAQAAAAABQAKAA8AFAAZAB4AIwAoAC0AMgA3ADsAQABFAEoATwBUAFkAXgBjAGgAbQByAHcAfACBAIYAiwCQAJUAmgCfAKQAqQCuALIAtwC8AMEAxgDLANAA1QDbAOAA5QDrAPAA9gD7AQEBBwENARMBGQEfASUBKwEyATgBPgFFAUwBUgFZAWABZwFuAXUBfAGDAYsBkgGaAaEBqQGxAbkBwQHJAdEB2QHhAekB8gH6AgMCDAIUAh0CJgIvAjgCQQJLAlQCXQJnAnECegKEAo4CmAKiAqwCtgLBAssC1QLgAusC9QMAAwsDFgMhAy0DOANDA08DWgNmA3IDfgOKA5YDogOuA7oDxwPTA+AD7AP5BAYEEwQgBC0EOwRIBFUEYwRxBH4EjASaBKgEtgTEBNME4QTwBP4FDQUcBSsFOgVJBVgFZwV3BYYFlgWmBbUFxQXVBeUF9gYGBhYGJwY3BkgGWQZqBnsGjAadBq8GwAbRBuMG9QcHBxkHKwc9B08HYQd0B4YHmQesB78H0gflB/gICwgfCDIIRghaCG4IggiWCKoIvgjSCOcI+wkQCSUJOglPCWQJeQmPCaQJugnPCeUJ+woRCicKPQpUCmoKgQqYCq4KxQrcCvMLCwsiCzkLUQtpC4ALmAuwC8gL4Qv5DBIMKgxDDFwMdQyODKcMwAzZDPMNDQ0mDUANWg10DY4NqQ3DDd4N+A4TDi4OSQ5kDn8Omw62DtIO7g8JDyUPQQ9eD3oPlg+zD88P7BAJECYQQxBhEH4QmxC5ENcQ9RETETERTxFtEYwRqhHJEegSBxImEkUSZBKEEqMSwxLjEwMTIxNDE2MTgxOkE8UT5RQGFCcUSRRqFIsUrRTOFPAVEhU0FVYVeBWbFb0V4BYDFiYWSRZsFo8WshbWFvoXHRdBF2UXiReuF9IX9xgbGEAYZRiKGK8Y1Rj6GSAZRRlrGZEZtxndGgQaKhpRGncanhrFGuwbFBs7G2MbihuyG9ocAhwqHFIcexyjHMwc9R0eHUcdcB2ZHcMd7B4WHkAeah6UHr4e6R8THz4faR+UH78f6iAVIEEgbCCYIMQg8CEcIUghdSGhIc4h+yInIlUigiKvIt0jCiM4I2YjlCPCI/AkHyRNJHwkqyTaJQklOCVoJZclxyX3JicmVyaHJrcm6CcYJ0kneierJ9woDSg/KHEooijUKQYpOClrKZ0p0CoCKjUqaCqbKs8rAis2K2krnSvRLAUsOSxuLKIs1y0MLUEtdi2rLeEuFi5MLoIuty7uLyQvWi+RL8cv/jA1MGwwpDDbMRIxSjGCMbox8jIqMmMymzLUMw0zRjN/M7gz8TQrNGU0njTYNRM1TTWHNcI1/TY3NnI2rjbpNyQ3YDecN9c4FDhQOIw4yDkFOUI5fzm8Ofk6Njp0OrI67zstO2s7qjvoPCc8ZTykPOM9Ij1hPaE94D4gPmA+oD7gPyE/YT+iP+JAI0BkQKZA50EpQWpBrEHuQjBCckK1QvdDOkN9Q8BEA0RHRIpEzkUSRVVFmkXeRiJGZ0arRvBHNUd7R8BIBUhLSJFI10kdSWNJqUnwSjdKfUrESwxLU0uaS+JMKkxyTLpNAk1KTZNN3E4lTm5Ot08AT0lPk0/dUCdQcVC7UQZRUFGbUeZSMVJ8UsdTE1NfU6pT9lRCVI9U21UoVXVVwlYPVlxWqVb3V0RXklfgWC9YfVjLWRpZaVm4WgdaVlqmWvVbRVuVW+VcNVyGXNZdJ114XcleGl5sXr1fD19hX7NgBWBXYKpg/GFPYaJh9WJJYpxi8GNDY5dj62RAZJRk6WU9ZZJl52Y9ZpJm6Gc9Z5Nn6Wg/aJZo7GlDaZpp8WpIap9q92tPa6dr/2xXbK9tCG1gbbluEm5rbsRvHm94b9FwK3CGcOBxOnGVcfByS3KmcwFzXXO4dBR0cHTMdSh1hXXhdj52m3b4d1Z3s3gReG54zHkqeYl553pGeqV7BHtje8J8IXyBfOF9QX2hfgF+Yn7CfyN/hH/lgEeAqIEKgWuBzYIwgpKC9INXg7qEHYSAhOOFR4Wrhg6GcobXhzuHn4gEiGmIzokziZmJ/opkisqLMIuWi/yMY4zKjTGNmI3/jmaOzo82j56QBpBukNaRP5GokhGSepLjk02TtpQglIqU9JVflcmWNJaflwqXdZfgmEyYuJkkmZCZ/JpomtWbQpuvnByciZz3nWSd0p5Anq6fHZ+Ln/qgaaDYoUehtqImopajBqN2o+akVqTHpTilqaYapoum/adup+CoUqjEqTepqaocqo+rAqt1q+msXKzQrUStuK4trqGvFq+LsACwdbDqsWCx1rJLssKzOLOutCW0nLUTtYq2AbZ5tvC3aLfguFm40blKucK6O7q1uy67p7whvJu9Fb2Pvgq+hL7/v3q/9cBwwOzBZ8Hjwl/C28NYw9TEUcTOxUvFyMZGxsPHQce/yD3IvMk6ybnKOMq3yzbLtsw1zLXNNc21zjbOts83z7jQOdC60TzRvtI/0sHTRNPG1EnUy9VO1dHWVdbY11zX4Nhk2OjZbNnx2nba+9uA3AXcit0Q3ZbeHN6i3ynfr+A24L3hROHM4lPi2+Nj4+vkc+T85YTmDeaW5x/nqegy6LzpRunQ6lvq5etw6/vshu0R7ZzuKO6070DvzPBY8OXxcvH/8ozzGfOn9DT0wvVQ9d72bfb794r4Gfio+Tj5x/pX+uf7d/wH/Jj9Kf26/kv+3P9t////2wBDAAUDBAQEAwUEBAQFBQUGBwwIBwcHBw8LCwkMEQ8SEhEPERETFhwXExQaFRERGCEYGh0dHx8fExciJCIeJBweHx7/2wBDAQUFBQcGBw4ICA4eFBEUHh4eHh4eHh4eHh4eHh4eHh4eHh4eHh4eHh4eHh4eHh4eHh4eHh4eHh4eHh4eHh4eHh7/wAARCAF1AjADASIAAhEBAxEB/8QAHQAAAQQDAQEAAAAAAAAAAAAAAwIEBQcAAQYICf/EAFIQAAEDAgQCBwMIBQgIBgEFAAEAAgMEEQUGEiExQQcTIlFhcbEygZEIFCNCcnOhwRUkUmJjJTM0Q1OistEWNTZkdILh8BcmRJKzwieDk6PD8f/EABsBAAIDAQEBAAAAAAAAAAAAAAABAgMEBQYH/8QAMREAAgIBBAEDAwIGAwADAAAAAAECEQMEEiExQRMyUQUiYXHBM0KBkbHwFKHxBiPR/9oADAMBAAIRAxEAPwC47fRnyVPfKAppZMXweRrmCN8Aa6/HYkq4/wCrPkqw6WKSjrc34RBXzGKJ1MxrDyu55B/78VKUnFWiOKKk2mr4f48FV18EUMcNLFG6Etc6R8km2uwFgO/ikyU745YaiaLroJI+re1p3BAIBUrm+lm/Tleymoi6kw+Iwdngxv7VzzJuUPCKKRtHDiD5y6VkrSIhwLHcSR4KiU0nuny3+3ybIxlk2Rh9qjw6+Gua/K45+US2Tc0RYVgMvzuYzS07nMgpySx8jCdnEjYgFRGLVFRi8j6+uqNdTO7tOJ4bbe4KcxzLkBDa6i+iLvbZxbq8u5R2FOpv0bLB1TY5zOYzNrHZbsLDuAN+HG6q9SWTbjk9qXk0avRLSRlmjcm3+L/uMcCjZFWyAiWYlukAW/yVrdALYximMGNjo2nqQWu4gguuqppZWRTVEpkjibG4tcAeFtr991aHydqiGatxZsAcWtbCS8i2o6nclCF+qq/9MmV/Y3Xf/RbeDD9Uqf8Ai5v8SMRuh4N/Rqr/AIuX/EjOG66aMAiy3ZbstgJgaASgFsBKASA0GpTQlAJbWoASGpYCU1qUGoASGrYalhqVpQAPSt6Uuy3ZACAEoBKstgJgaASgFgCUAgDbQitCQ0IjQkASMbjzVf1Y/WpvvHeqsGMbhcFVt/Wpftu9VVlLIACOHksslkcPJZbgqWWg7bpVlshYAogYBsssl22WWQMGRskkIpCQQkAgBKAWAJYHgkM1ZDnH8nV4t/6Z/oj22Q5f6DXf8NJ6KE+mTh7kURngfyrH90PUpOFNJiBRc8MP6ViP8IepWsIFohz2XFz+xHex9kkG9kfFYWAs4cUsbjdYDYgeCxlozqqClqGFs8DJB4jcKFxDKNHUbwyGM8g8ah/mF0x4pbWghWxySj0yEoRl2VxWYHi+GEGF0jmfuHW34HcJtHiE8btFRTarcTHx/wDad1Zk8YIBtzTCtw+lqgBPTxyeJbv8VojqX/Mil4fhnGQ11LMdLZQ1/wCy/YojmnVq/FStflWmlH0EhZ+68ah/moWfBMUo7mLWWj9h2sfA7q+OWEumVyhJdom8KzJjOFkClrpCwf1cnab+K67COklh0sxSjLDzfEbj4FVc2rqGHTPT6rcS3Y/AosdXTynSHhrv2XixV8ckkZ5YoS7RfWF5hwjEwDS1sTnH6hNnfAqTcQRsV55GplnscQR3KawrNeNYcAI6t0sY+pL2h/mrVmT7KZaZr2l0OCQQuMwLpAp6yoipa2kdDLI4ND2HU259F2ux4KxNPozyg49nLZ/kEOEteQSOsAXAOryOEfxU98oWvqsMyJ87pH6JG1DBfwKrbIU8mLYKKqte6SXWQeSKdNkPNHSvxF/7cbfxQhWOc6xke77IRGQQM4RtRQ5rfZAHkEhmQTsG/wA1lkPibJ/BidRGPoqOFni7dMOtW+tTTItAM4ZqzFhuETVVG6Juht7hvBcllHOOYsazA+lr8SkdEItQa3sro8yUr8Swapoo3hrpWWBPBcnkjL9Xh+OTVU8jD1Q6shvPxV0Z/a0yLjyd25oce257/tOJWNYweyAPIIb3pGshVUTHBASbhB6wlZdxUqEelB7Bv3KnPlCipbiuDyRO0sEHaPdu5XJ9Q+SqT5QGHVNW+knhkBbFSt+jHFxLnbjyC2TquSGCTjkTXJw02aauow2uFO6E0swZB1b2dt2wGoHjy8UrLbZxK+Rpc6KWB8Gk8i252/75Lk8RpamD5pIWARNADXNOx3ubrosFklfLFV0WuqmjqNUlOwk9XvYkAcQQeKyZYNPn8nVw5cbg6/H+OToMxYnX1mBSTYTDI6mDWtmla3bVzA8u9cd+j9n3kkv2Cy7jYl23xurd6L8Fr6nBMUoq7DKmKnlnJh62Is1Nd3X9yj5eh/H58Ue6Kvgp6PXraXykuuOB0gcQVZHHvjw6Ks+uuf3q14rx+SvqbDqeKAPkgkDyQbuaeN+fmrb+T/phxbFaLQ0SRw073kcAXOdt+fvTun6JmzUtLDiOPS3hA1GmhDS8i/NxPeeS63JWT8Gyi6U4c6oLpy3rZKiXUXWPuUMOKdqUkVajUY3Fxh5Okwj+j1X/ABcv+JFdxQMFljkp6oxva8fO5d2m49pOFuRzTVt0oBYAlAJgYAlgLAERrUAaaNktoWw1EYLoA01qUGrbrNaXOIAHMqCxPNGG0LnNdVC7Rc7A/wDVOgJ7TYrYaq2bnPGKq9dTVFGyIbto2sDnkfvE947uCfZt6RMPwvC4JaV0clRPCJbONxGD3+PKyAO7st2VDN6T8zOqC+OspWt4tZNEwXH4eq6/KPStSVVU2gzJTMw2Z1tFQxxMLvO+7fPceKXHyOmWVZYAlDS5oc1wc1wuCDcEd62AgQkBKAW1sBAGwiNSQEtqBhIxuFwlY39bm+8d6ld5GNx5rh6wfrk33jvUqrJ0TgNyOCwhLI4LLbKgtAkLYCUfJZZIZlllluy2gBBCQQilIIUWMRZKaFuyU0JAatskPF6SsHfTyeiKRsh/1FUP93k/wlRl0Th2UdncfyhATzi/MpGD7wtR87Amrpvuz6pGBtvC0ea4mb2Heh7iRa29gkvG5Nk6EZaPFCkFhwWMtBBGa244JLGpxE0kWsmIbyN296A4cLp7URkMumrmm4UkCBPbySGxg3JCclq31dvghMTIupoqee4mgY/zChK3LlNM49U4s29l3aH+a610YKaPZol4clZGco9MhKKl2cNVYHiVJd1PqLf3TqHwKj/n9RDMIqimLnXt2Bv8CrGlFwLqBxqBvzylcGguLjfbdacedydMqliSVoY4QP5To3aXMvK02IseKvCnJtxVPaLYzR2H9Y31Vx07dltxMwapU0cH0+4a/FMgy08bwwiZjrnwKrnJ2EvwbCRTulElzqB81bfS2WsyZUOcQBqbx81XFI4PpYnNOoFg3HktCdIx1yFLkgvK3pceS0WOPJKwNFxWtRSuqclCA3G6LChFymeHAmvrbftj0Us2BrWFx5AlcpgmI4zimIVzcJpIow2XS6WTcXHcpx5It0dQyB7uDSitoJXfUKixiuP4C5suOUcNRQk2fPTjePxI7l3FG6Gppo54HNfHI0Oa4cCFLaLcQUeFyn6tk/pcFLvbdZTLIU6hjsFOMRORaX1D5Ln8fyth2PYjDW10tU3qqcwaI5NLXNJO5247roWgObY8CmLsv4bPIZKls89/qvncW/C9lrd+CqLcXaIKjytkLBoWxOosPAZw+cy9Yf7xKmKTGMEpx1eG0rpLcBR0Zt8QAFJ0eE4XS7wYfTRnvEYv8VIsAAsBYdwUVD8CshW4li039FwCp3+tUStjHw3KIIs0T8X4ZRNPcHSuHoFNNSwpUIhBgeITf0zMVa4Hi2nY2IehKUzKuDF2qohmq3d9TO9/4E2U2FtG1CB0tPT0kDYKWCOGJvBjBYBFAWWSgFLoDAEtoWmhEaEAbaERjVuNt0ZrWDi4D3oGJa1La1K1RjmT5BRWbsfp8vZeq8VmYCIWdhrnW1vOzR8fwuhcgcn0r5mdhzf0bRyN63TqmN/ZvwafE8fgqanNdXS9ZLVmAOF/ZJNuRseAPInc8tkePF6vHa6askaZA6QyF7236x54G3jyHcB3qVxRtLl+nMuJ1F6x3ae3XcRk8jvx7z7goTl4RZCJzlRBWQxufSYpJK4fVIsb+fet4G2aSmNbiNQyCdziDI9oe4W2Aa07X535XSRmmGslaRStZHfsyaQA7ytv+KdYzA2toWSQOfGCLtIHM81meXbwzZDTSmrQ/psHw3E4T1NbTVEp3aTH1T3HzB0k/AqNq6F1Jrw+uaDHe297A+PNvmPxUdSTVcNQ4GQdeLaSdmyEcGu8+R4g94XQYjWw43h0Uh1NmI0ML+Nxa8b+Xkfep701aKXjcXTJbo36QK3KVXDg2KyPrcGe/S0l2qWmv+z3jvZzG7eYXoCjqKaspYqulmZPBM0PjkYbtc08CF4wr5yS+lmaC9tw0v2uB9U9xHfy3VidCfSdUYHIMBxwumwxzuxKN307idyRxLTztfvCshkvhlU8flHpDYLYITXr2uaHscHNcLtINwQeYWuu8VaUj0FEbumTJLpzE64QNDqPiFxFaP12fb+sd6rt4uIXGVo/XJvvHepVWQnAbEcPJaIRLLVlSWgiFlksha5qIxNh3LVj3pdlpIBBCSUQhJskMSEtoWrJTR3JAYQhfUqBe14JP8JRze3IoDjZk239U/8AwlRl0Th2Unnb+lUxt/Vn1WsvsJpm+F0vOg/Wabb6jvVEy239WaedyuLm9h3Y9kqIza5QZGX480+0kjcIL473KxFqY2iYAQnUbRa3JJiYLjxTlkakJsb1DLx+9NHNFwpCoHYKaFhD7ngEwQjRsNkvq7tuQnDWXaNkQMAYARyToi2MOrsmlRHcnbkpVzN02qY9r2QFkYWHSDbgoXGYx8/pXD9tdMGXbw5qCx9gFdS8R9IrMT+9BLoaPb/LNJ9431Vw07eyqkkb/K9Jt/WN/wASt6AdldXCcvV9o43ppoG4hkKsp3OczcEFpsQVUnR/VSTYSaKpbaelOh3iORV1dKWluTqouIA24+aojJ73vzRVSxb08sTR7wtC8mJ9nY6VmlG0rWlRGCDUoN3S7LYG6AGOY5JKfL9bNF7TYiQmfRXTshweRrTcueHE95O6npaeOpppKeQXZI0tI81w+V8SqcrV1XhclHNW0jJOzLF2iwcgQrYdUVss2ogiqKOWCZodG9ha4Hhayh+i3rGZbdTuJLIKiSOIn9kHZBbjVTjEJpcMoZ4zILOlkbpDQujwahiwzDoqOLgwbnvPMqxcESRDrIrHlNrojHgcXAeZUkwLZjRmBCYEZi1FIVqI1IYitCANtRAtNCWAgRgC2AlBqU1h7kwE2WwEQMPcldUbXsixiGhEYFoBEYEABqpY6aGWomdpiiYXvNr2A4my5t+fsAD3x04qp3sIBtFoG/D2rLoMbH8j1+1/1d/O3Lv5KrgGxwayAxzyQx8ffckNBtxCqnJroKvzX6nUVefJWUxmgwtjG3t9LI5xuTYDsi2/mqb6aM4Y3j2O0eAuEcbYY2yOihBA1yN2Jue7hfkVYBp21FKyWo1dc+rDAzUbW03cd+J9nfwKpjHp3YnnXEBRO0x1FY9zN+IvpaL8bBrRsPLuUYTk7bJ7a/7LA6O8PipKenqZD1vUj6Bzv6yS1jJY8hy+Kr7pDq5sSx2eKK4jjc5jbnYkHtPPeOPnsuudjkGHvfA2QPbSw27B5tFyPja65XA6SXF8ZAczZxa519yeG3/fMqrLk2RN2lwPJIkuj/J9RXyCoqtekEFrO4DgrSiy62npw0x3HEXCnsoYPDRUTGBl3cwDZTNUyFsbmuNrjuusDi5cs7EJKH2xRTeaMOjjDpWxDUONuK5OunkgqpWXtDVEF9+DJWjZ3vBsfMq1swUQcX9m477Lgcz4KXUrpWNN27m3cjFkcHTHqMKyR3Ls4fHpTM9tczeUERzhx9ojg6/J3K/h4psyaNwD4mgutsCwah36e/3H4JGNSuo5g46u2LPFrh3+aVTsidSsnYA+Pd2kCxFuNvELUvk4k4uLpno/oQzN+mMiRNkk1SUUhguXXJba7b8xxt7l2orm34rzf0PZgmocenpettT18Qs0WA6xvDx4E/EFW3DiMjnbuWyOTgyShyd9BVB31lJ0swdbdcPh1aSQC5dJh9Re26sTsr6Olgdey5KtH65N9471XS0klwCucrB+uTH993qq8nROA3IWiAiELThuqS0E4JFt0Vw3SbKIxK1ZKWrIASQkkJZWlFjE2WwsslAJAZbZBcBaS/8AZu/wlHKE4X1/Yd6FRl0Th2UtnQfTU3dpcPRGyuy9I0eJSM5N7VNvf2vyTzKbA+i5bPK42VfYdtPklhETxQ5IuQT9rCBdadFZZdpLcMGRgWFuScNj7wlxR3KeMhB5bIUbByIyqi+hO3NNGMJupqqhPVcNiUCGm24KSixKQyZEbBHEXZGyeNprm1kdtPccFJQZFzREmLtcE2qYrCwHEKbdTkOOybT0xLh5I2MW8hmR2AuFzeaBpq6Q2/rdl2slMWg7bLkcxxTVOJU0VPC+QtlvsE8cXvRPcqbGZbfFKY9z2+qt2nHZCq6tpJaPHWUs7dMsb2kjzNwrUph2R5LqYVRzdU06aON6a4GS9Htd1kjmNbpcXN47FVbk7DqOmwyGopS5wkZe5Ksj5RL3xdFOKPjcWuGjceap/ocrzV5fdTPeXPgfYXPJaEuGzF5O1sssihqzSoEgVlsN3S9K2GoA3I8Q08kptZjS5VPlHORps118tRG10NQTyvwXedIOItwzKlVLqs97dDfMqhaGYw1TJAd773WjCuyuRdc/SXQQAiMRjwFlF1fSrxEQPuBVVyD6R21rlJ2VySIlgVfSbiMm0Yf6KNnz7jcvB5b/AM3+S5LZbDhdOhH0TjGyOwITAjxhXlQaNpPAJwyMnko99WIWl0k0cTR9ZxAH4pjPmbBopmQyYtC6V4u2NjtbnDwASbSVsaTfR0IY0e04DzKUHwji8HyXA4p0i5foKgU4ZW1Mxv2Y4rcO8k7KJxzpQmoBHJDgBNNJ/Xvn1Ae5o/NVPPjXG5FiwZGm9vRanXxjg1x/BbE7js2MeqqDFM9ZhMLpaWajjiezrYHRRausaD223JNnBOqDF6zEKt3W4jVTQTQdbCHS6W6dBPBtrm/olHUQlLaiWTTTxw3y6LRmrOqH0s8cV9hqcG+qVHLKK2kj1nTIJNQPOwFlScdPE3MdA6eq0RxTxv1PFy8OkLCC4+Jbtx2V1O2xPDr98w/uqxTTk0vBRTSTY+cLOK2wLb/aW2KwBhmEluA4k5hs4Uz7HuNlXVJSUzcJrJy+Vs8ERLIgCQXWNyfAO33VjZia1+A4i14JaadwIHEhcJg9Iz53ieHOeyna8OsABzAt77EKG2MpKyMt21tfgDUEfoPB6rrG/wA8Wlp8QblUtiFBTYPmbGm4fUSVDI5TFHUPaG2aeIb772PvVyYJDFX5fqMLmlFPNTOLw5w3Dm7flv5qk+kts2DY5RtjfJaqLA8n9pxI27x7PDkAouNK/n9jRu3Sau6/foYMlfU1UtJC0EFgZdnAjuHhw+Ctbo6y26jbFNKz6QcDbvC5PovwmM0MddVNJdZxkLuVib+i7CsznPTyfNMHwyesq72Y1kTjYd9lzZ3OX6HdwxWOC/JZ9IJYYuw244G6TPJC2EyVEzI2m+5NrLlMOzBj8ETZ8VoHw3IDw0bD3JGcnVMmFSVcodDBpLyS72tuQCjuivyXxi2zVXj2BVFWaSnrY5phfssO6YYnAHBoZbcqNbmfL+VYJH4dlyeunbCJKiaCIOeRsCSTfs78vgoqDNWI42xkpyxiFHDKCWOeW/iNiPeFGa+3cSi3v2s53NGWGV0UjWixc5wBvw8lW81HjGD1T4BK8xg3DtW9+8+6y9DT4Z+oMmeNL9Ny297Kuc4YYZqoaG2fIAGO7nDl79wlgytOvBRrMCnDclyhr0dsDsSojiOi8kv0JbHpu8A93gd/crajkLXcVWGUpIW4tSUNYwxVEEzXx3PE94HiCfirIc/ew3WnHNts5moxKCi15RN4dU2I3XV4VUXA3XAUs3VHVIdDe92w/FS0ObcuYc0GvzDhNNbiJKyMH4XutuJtmCaSLRw+W4G6iqsfrUv2z6plknM+B5ijmkwPFqXEWU7wyV0DiQwkXAO3cn9SP1mT7R9U8vQYxuQtEIllohUFoF3FJsiEJNtkgEWWrJdlqyBiCEkhEISCEhiUoLFsJAYUhovIR+670KWeCTF/Pgd4PooslHspnOY7VOefa/JP8ms/Uz9o7Jlm8bw3H1nKYyJGXUTgRf6Q/kuPJXE7TdE42IEeKHKzlbZSjKexG1kh1OorGV7xhR05IBtyUiym24J1htJ+rscRbZSLKYXG3JWxw8FUsvJA1tLaDhzC1DS9m9lPVdMDED+8EllPYN24qaxEPV4IuKiu7gjxURJO3MqZhpruG2ycU9KCH7b6irFiRB5Gc5Jh7y72U2qqLTOxpbxC7U0YLQbKHr6e+IRNt9U3TeJISytnOV1Banc8N5Lj6Gjq6jFah1K4Nnp2OljaeDyOIPuVq1lMOpcy21lxWWdEWZMQiNtRppLfBVrHWaBZ6l4pHK5ubI7PMzpWNa76LZpuOAVhUw7I8lxOcIj/AKbSuI4tiP4Bd1TjsjyWqPvl+pmn7IlffKMb/wDiTF9uTP8AEF5q6IsWFBmD5tK60dSNPvXpz5Qzb9EmNfYaf7wXjOklfBUsmjJa5jgQVpxK7RnkenwNluy53IeYIcawqMOeBUxts9t9z4rpSFRJOLoknYiyyyXZcpnzNEGD0T4IHh9U8EAA8EJNsDh+mTHRWV8eFwPvHDu+3Mqvm7FOax8tRUPnlcXPe67ieaDoK2wW1UVPkekdbTiUcW7OUnkzKmPZyxz9D5doTWVnVulLNQbZreJJPmFGUDzG7cXadiO9X98iiCKn6ZnSiRvVy4ZM1oJ3vdht+CklbojNtKysMPyjDh009Nmmjraeridbq2E/l/mk41hGDfNw3C6CpZJf25CfzKuPpcwjGce6TcRiwbD6urEUjmPMMDngHUdiQLBctjuSsy4NRNrMWwmrpKcu0iWWItbfuuVCM4UrfJWpN8nqpgR2oLEZnFaQOY6SaY1eW4qUEDrqxjCbXsLb+iqyuxoYbh1Ti7G2mqnmCka0bxU7Da487XVv55FsrVU44wCSQefVuA9V54zxJCJaWmhcXyUDI2SRk9i2gE/id1zNXDfkUfn9jr6GajhbfgHRY2+qlr5KeHVI2EFhPOxF/VO6PNULj+jq+nktUdlwtcbbXv39yi8NkkgjaXBriWdt8ZDi0O4j8EhmHOqKvrdLbRkl2/s3dt+JCqnhStPwTwapuSrpvn/f1JbDa9lHV08Blc5jXXezXsCedvskA+K7XDammoKGkqZGGRtFWSUrmttcxuGoce664rDMG/lmR8riyKSOR8TjuOyLkDuUpmLC8QxKjraelkg+bipillY4lriRDcWI8j+Cri6mn/vBa9KlheOXJ28/zTE6WOWji697KqIR6jYNe2Rurj71cE/+tMN8ZJv8CobonGKYVhUNJWzSiA1DnQ6HNkvqIN992q+Kj/WOF/fSf4CuriluV0cXNGcZPd88Ek/2ltiyT2ljVoKgVcxslHURufoa5uku7txuuLxpgoc1trqGNphEN3X4OLdnW5kkEH3LrcejfNgtdEz23xEN87hcTFMRL15kaPnDtcEj3XDH20uDu4EW8rBXYcKny/Bk1WoliWyPmwWIvdTNqamKFr5RJ9KWgBpc42Bd5hw38FwWcKKmzhlqCofRijqaKQupgWEOJYbFh7hsu5nNa+qkwd8JgDHCaNkzQTZvsjUNi3cnwut1LKaSleZA6Jt9TiNi1w4jbzXRUISwttX2cuM5w1CgpV1/4/0TKt6Oax78OnpNOhzXEe5wv/muir801WBRU+FZcw5lTilRuXyg9VA0cXyEbnwHNNqqhhwrOzZKN3WUldHYO02DXt7/AD3+K7mjppHzOmpX07ZX21OkZx2tyXkcv25OD6JpvuxpPwcDl/DukPE6p8+aMQjigkfc00AHs95sBbwXfYzT3yi6kaC4Ma5rSdyVMRYe+ChfUV87Dt2QwWBP5rPm0U+FSOdKxhHCNxsT5KMouXJfjajS+CGyrSR19NHI+nj61kYDrttuBa6k6rBi53WTM0MabhoA3XHwYvU4FUVFQ2e/VkjqhxIG+x8l1tJmpmNYfHIQBqYCLt0mxUVTjT7LJwmpWuiHxiMdU5o28lwuL0PXMJPFh1A9y7bGZgb25lQlZCRbb2xzWfphLo4TFKaWfGaKuGmJlO0GR9jqcQbAD4hUpjec83zVM8NTmPEjokcwhsxYNiR9Wy9BZmlgwjDHYlUWZTwPY6UuNgGk2J/EFeWcexKnqsyYjLStBpZauV0LhsSwvJB+C36Ldcmcr6ntcYJeL/Y67o6wqkzjjDsOxfFsS+cuBey8hc1zRa9ySd91N/PeirAMVnoanKWM4pLTTuikfJWNjaS02JAHHgoroRjdD0h0ZO7XwSFp7xsi5ryFmybHMfxX9ETQ0EM09W+olsGdWCXXHeSOC0PvnlnN4+T0R8k2pw2pGbJ8HhfBh0mJRupYn+1HGWO0tPHhwV01A/WJPtFUF8is3wTHh/vUH+Byv+f+ff8AaKsk7iitKpNACN1ohEISSFWTBOCGeKM4JBCQwdlgSrbrdkgBlIIRSEghACLLYC2sCQGnJEP9KYO8ojkOA/rcf2lFk4lPZvHbjtykcp3o6BfSP2/rHW/BQ2bReUbf1rl0PRuL0LiNiJTf4BcqKtHXyOkdi2n1MCw04DeCe07NrfBbewK9RMbkKw2AGijNuScshu7hwCLhbAaBl+780eJlibhWqPBU5cjGrhHUtNvrt9VswbhPalg6gfbb6rAztD3qVC3GmQhoGyXRR3bIf3yiltmjZbohZsn2ypJckGwvVjSCoesi/lKN1ttJU64dkBMKiMGpYf3SpSQkxhXxN6txvvZVVVufTZoqWMm0CqY6HUXWLdQ4hW7XgaDsOCpjpkhiZVUbo2BrnSDURtdZc32yjL4ZpwLenD5QPGKGnpM0TMppJJIyIyNchfbYcyu+px2R5Ks8DiAeTuSXi5JurPp29keStg9zbK88NiUThflAtv0S44P4Q/xBeLWAA7r2x09tv0TY79x+YXilnFasXbMzJHBMalwesZUQTOjcD8VdGR830mYWtgaCKkDcAcV58r+IV3/JOoo5MfkmlY1wDCdwrfTU1TISltGnSHn+bB8RnwelpXNqGCznu2AuqtqsRqa6odNUPL3uNySux+UTTiLpGmqGNsyYEi3gVwcPEKOKK22Nk1h1JFPu+6zEaKGL2CUvCX6RulYpI0jitDSorT5Iprd9nFT+Uq/EcNxaCsw6uqKSpideOWF5a5p8CoFh3U1l8Xqmearj2OXKPePyWvnkmS5pKyd1U6ed07pJPbL3cbnnwUv8piKN/RBixLAS0xkbcO2FyfRNnjLWRuj/AA+PHKh8MlS3XGGROeXW8lzvTb00YHmXKFTl7BKWqe6pc0SSzR6GtaDfYXuTsFZljcaRRGSUaLCZwR4+KA1OI+SmTIPPwkOSMXERaH9S+xcLj2SvMFHh82LV0DHmWWSeW5eBvpIBJI7uK9VZlY2bA6mmcNpyYveWOsqXyfR/NKVtRUTMhayN8bnjkA4h3lsFh1E9k4nU0dPBMJLlGmp5IHUUjIaVzW9eHjURY72J3CjcTnw6limjhjj+cSP0bPFyL7XHhxTjHc2YDRsmjo6p9VJHdkbNyy44E+F1ytHTz1uMfOJN+wA43uS8j8OKhJKEW2gwp5JqKO+y9hmFVGHU0NfMxtdWRuMQDjr09wHv487KExrHocJoaqne8fPp68RRxX7Qa2PQXHwF11FBV4IaaCvll0VOFtfTsF9I7nAjncfBUdmnEG12P1dXGS1oluwX4b/5qGPHGVHQ1GRwjf5LV6NM5QQ18+WquzJxU2pbRh7XjYOFzuDtf3r0LUn9fww/7w//AOMrxBl2vkpsy4fXu3c2sY8kn97f1Xt6q/pmFn/eXf8Axlb8b+1R+Dz+eP8A9kp32Sr+Kxi0/itsVxWNcbOnB6x2ottHe4O43C4eTEqaim6+WAQun36mRv0bze50uHsk8bWXZ5kdoy/Xv1Btor3IuBuOSrgV9LietmIxxseyL6NhN2Scy5p532HeFOGTaqTplT07y5FauPk6DEsTp8UmlnjjfGW0773ttc8iOKTitDHNhLpG3jcALuB4/wDVQclDHhVJWNgEgIgjLruJ3J3AU9T9ZDgZlcNbw0vbqF9xvZdXEpRwRfk8/knDJqpJdDKty7DNQzSipnm6gF8Wo3ueKYYRVtaxu+9k6xuauE8XzNjad0oPXwTTENYSNrae/fbioKOmnikbE/SyQgkEHY2JFt/JeW1KtKVH0LR5YKbxklmfFKiSKKOnJLzIxrRxHELmquk6Q5qqoZHU4aGaz1bW6r6e++/op2KkJkhll7eh4IARa/HqKkq3ROdUOqA4tjghGp8rhxAA5d54LNG2+TpylVKKOGw/ozqZcTONZjxV88wBIp45nBje/uFz5Lu6eOk+aMggDYjCzTHYW7I5Jq92ZK2BhgwmDC4TcvdVv6w+YaD3crpnT4XitRiBL8YiJjuS2OlaWg+O+3ldKSSBqaXNEr81a8CV7rgcEwxp8UTGyEgNZxKmWlkGFvZK5plZvtzHeq8z5i0ceAyOa723W1X2VLXJG77OG6Xcyx1GS8XoowC2SIsBPmOC8+4JStnkmnlGqOBmst/aPIeS7bOWICppTTF2z7t4/iufpKZ+G4FUGTaWSxI7hyXV0ceDha+dyTR3XRrRzUGfsCmqHWlq6KSfRb2Gk2b8QLrn85Y/jbc141A3GcQELqmeExmoeWGMuILNN7WttZOOjCanpczwYviOKU1LTQROZeons69tg0HeyiM8CidmWsqqDEYK6GpmfKHRA9m5vY3HonJtNmeKT7PSnyKXj9EY+2//AKinP9x69Cz/AM8/7RXmv5GU4ZR48y/9bTn+69ekybuJ7ypv2Ir/AJmJIWiEsrRGyrJgSEkhFcEghIAdlopdlohACCEggIrvJDKQxJGywBbIWAJAJcNkKEfrMf2gjOGyHD/SovtBRZKJUebG/THwlcuj6M2j5nJtt1p9AoHNoBqpeX07tviuk6Mm2oJj3TfkFzYHVy+07mAdkLentcUSAbDbmtlvA+KvMbHWHC1G3y/NEeL7g2SKLakYPP1RCDZWrorfZkrbwXP7TfVLa3tBBry4Ye9zb3BabXtcXGyF0gvnoMHrqrCpnU89PAZm62AgkC+kjuPBNuk2yPbokXDZJpxYPH75UB0iZlrMIyRgWPYVhQlnxA0zpWNu5sbZNOrbibXO66KE317fWU2qdFcZ7lYZ47I802qR9Ky3cU6fu0JrV/zjPIpsaGNfvE69+CprphOqajP8RquevFoXE9ypzpfAL6Q/xG+qw6nx+qN2k9wwwNntEcnBWVTDsN8gq5wAXD/AhWTTjsN8grsPRXq/ecX06Mv0UY//AMMT+K8Q3sV7l6bW36K8wf8ACOXheQ9pa8Xuf9DEwNX2nBX38mw/MY6ipO1oyqKghM1Q1o5legui2nNHgRaBYvAHuV+7amyDVujl/lBUDp4aPFQ2+mQtefNVREOBXpDOuEtxnLlVRFt3FhczwIXnianfBI6J7bOYdJHiqcEuKJzQ4pXlo4odbKTzSYybJvU6idgVp3KitRdmMfuuoyfA6eviYOJcAuTja7ULgqyOjGljbUGslc3RA3Wd+5RXLHNNIsTNNPjWO4zTYdhFBU1UGG07IXOijLmh53NyNgeCjseyfmLBaSOsxTDZ6WCQ2a942JV5/JDqI8SypmCplY10jsWebuFzbS2ykflWTNh6MbNYA41cYuB4lKUpRdlKVxs6FicRpuxOI+CvGQueJXwZZqZoh24pmPHha+6qDFnxVM1RHSRufS1kgljI4RPI+kae8K2+kCSoiyjiElMzXIxzXFtr3bvcfBU3hs0UtFDFURyCAnrINDfaeXDZ1vIrk/UJVJHc+mRuF/k5mXAY2yueGuaeDo28T4ALpqXCqvB6T531Eb3AARRMdqc2QmwL+4D1T7DaaVmIRGPF6cUElY60DiDK0i5t38QuwxZrJsqvjiDzWt61jmSdlukA2AJ2020G42ub8VdptL62JyyP9CnV670M8YYkue/+jhcWihwzCKpkbWzyU0BjcQLmWoeCT523+CqCaAfoylqvr1Ekuq/c0gf5q5qUROY6piHWUtKXRwG21TUuFi4d7WhVBmWiqMMxmpwuaQltNI4NF9gTa/5fBU6Z83/tGjWXtS/2xrTAGpjse017NPh2wvdFSf1jCz/vX/8AWV4boqSSeuhDWud22kgcrHivcVRu/Cj/AL03/AV0Y9nHzKiYfxWMKyTitNVxQNsZ6j9FVXzktEOka9XC2ocVW2JYBHFDPVYfJGaVpLuokGph7y08t+C7/NrnsyziLmEBwj2vw9oKpoq17YHQullpGuNyWDVGSN92n8klPFfpzVtg8WavVxyquOeiQwurqqqskoXU0liGEvkl1aQDew5nh+K6qqmIp5IYRY/N3yAWuGm234qDyjE8076qodre8kvIFrcx+CkaaUuqauZsl2taWN2vew/zXoFi2RUPg8h6++bydbn4ILMGL02CUMtRW10kcGHxB1TO6HX2gLuN77m7rfBed6DpvrJukgV1WXty8+8DIS0ao26riU24uvx8DbkrL+UJLU1HQzJBEx7euqIXyEO9r2r+PtWXkunN5mgi24XG1WBY36bdnqfp+oWVevGNP/P+9HvfCa6DEKVksErJYpWhzHA7EcQQUXD8Kp2SS1EYLa6V3bmc0OJHJvgB4ea8k9GfSfW5drjhlfKZsMMgbHreR1Pv5N9F6Fy70gsrqgQmiliGm+tzgQR3g8/zXCyYJQlR6rDqoZI30zv/ANBU7mGTE66aqceAc8tb5WCxrKGlpyyBtm8LArhs0ZtFK8ltXE1oadQc8Dl47j3LkJ+kKtfR6qane+NrnNH0Z0uG1nXJ593JDxNot9eC82dZ0h5riwyAwx26xwLdhchUhnbM1ZX0wMumGAC0UI5N7z/3ummasyT1VZKal30znbRtN9N1zksklfUkykOGoamA/AeQU8WD7qRkz6v7WNKWF89Qypm+qPo2kf3j+SFj7iMNlO5u5o891LlwidtGJO8XtcqEzM5zMLDTYF83ALqqCxx2o4kpvJLcyKpahzS0PjjmH7Lxw/FdPh0lMIWk4XQ6gb6nsJuO4i65zCKZx0zSNLr+wwcT4+XipxrHNi6yaVsbO+9gPJRhjT5aCU2uEWvkLpajylC6CLKeHFjyC91I8wucRwvcOBV4dHPTTlDNs8WHSSyYNijyGsp6wjRI7uZIOyT4Gx8140FbEXWgjklH7VtLfiUZtZG0Xl7A8CT+SlLHFqiKbTs+iZBBsQQe4hYvInQ/03YhlqvioMbxKfGMEd2XRSP11FN3OjLtyO9hO/KxXqzL2NYXmHB6fF8GrY6yiqG3jlZ+LSDu1w4EHcLLPG4l0ZWPSkuSykuGyrJAzxWiiJJQMGeCQUUhIISAQQsSiN1pIBLwhQ7VkP2x6oz+aDEP1yE/vj1SZJFWZxbbEKhp5VLx+JXQ9Gd/mtSOXWjb3KAzsB+l6pvdVP8AUroei0Xp6oc+sHoubDs6uX2HewbWusJ3A8UqJYRcg+KuMYzbLi8YPUw0U0VzpBe5jrX8iEeOuxFrR12EPI74pmu9bJ3TtBht3k+qK5oa29+AUkn8kGRTsxUUWIUdLXU1TTdbOwfTR2b7Q4ngm3SvmzAabDMaMlbE+EwthEkbw8GSRpAbsduS5TOEJxrMMOHv1OhPZeB3HYrzpmzCKuDEZcBoqapiY2rdSv1A6JpA+8dx+1pcliyeqpQfz/6VamXoShL5/wBRc+U+lmvzLieTMvUlNJSU9DUtoK2QPa9lQ5sZAA8Nr3V9xNBDz+8q76Hui+myJl6H56WVNdV6KqXWGu6iXTYhhHId67eWlinmkc4ytcSN2SFvJasje52ivEvsQ+vsAg1os6J3mm36PeG/RV9UwjvcHeqFUMrI3R9dViZu9uxpKg3wWpBMUINIbdypnpdtak8Ht9VcdWHOo+82Kp/pdGk0o42c31WLVdL9UbNJ7hpl3dr+HEKyKYfRt+yFWuAENEvgQrMpR9Ez7IWjD7SvV+85zpUopK/o8xqkibqklpXNaF5G/wDDTGHuF4mj4r2jmtt8uV33RVQgKUrUuHRnhLauim8O6McUinbIZI2WPcrSwGhfQYfHBLpL2jctUlZZZPdKqsTabuhBHJcni2QcDxGrfUvY6N8hu7T3rsLLYCQJnCDovwO3ty/EqHzVkTCcMw6SaAya2tJFyrYYFzHSEz+SZR+4UbUSWSXyeebndd50A4Ec1dJ2HZemqJI6apDzKGutcNbey4W258yrY+SKdPT1gfjHOP8A+MrbjhG+jNlySceWX30N4zlroyxjN+VMVxFsDoMS6yIvv2mOY21rKM+UJ0jZXzPlL9EYVPJUT/OGyXEZDQB4kLielvDcVr+nHNDMNoKmq+mZq6mMut2G8bLlcbwLGcMLP0nhtVSh/smWMtB96UZRlFKT5KVZ60ZyTiMptGUdhWoZHZqqX0mAVtQxrXFhYS08HC9iD5qma2ixhtLPNg1DHWYe6QTRBtw6E3PZA4m211dGKYlRUTiysc4B/wBUROff3AJvFmGitamoMQl+7o3AfjZZc+BZXyzXp9U8C4RTeHUFfNHDUMy3jTq1jw89XDpZqBvsSF0wyxmnHKfRW4T+jaTi+CJ5MkwG4F3GzRfkNlYrcarnj6HL+Jv+3oZ6lEFdmCT+awBjPvato9AUYsLxxcVJ0x59UsslNwVo4qkyTjxtM6no4XQM00cBl+jj7r27uJ7yoaToOdX1jK/EsUjNTod1jAC5j3Emx7+fvVoA5rkG1PhMP2pHv9AFsUeaZPaxXDoR/DpS71clDSwjLcrFPW5Zx2uqK8w7oLwykljlGN1RcGkOHVixv3K1qsCM4Y0m+mrY2/8AyEKPGD43J/PZmnb91TRt/IotJl9zKqGoqcYxGsMMnWMZLINGqxF7ADvK0Rgl0jNKbl2dC83WNQxwCW1WECLze/q8sYi+52j7r8xyVXOFQ3DoqGSCMvfYh7XXuDvw5G3orSzYNeXa1ocW3DRqHLtBVhgjayprZ4al8T/mx6lj4rku5Xv9laNDtWpi5fn/APf2Rm+pwlLQT2rpp3f9P3Z0kT2Ydgwlm0QBrC5znOAaB3knYLise6VMpZXBpHzyYpWOYCYqLS8R337TydIvfgLlVh8o3N1TiWZn5ailIoML0sljaezLPa7i7v0ggAcjdVJGSAQeJNyuhm1O1uKXJydL9OUkpyfHwdd0p9J2L5gwU4VT0NPR0Zn1sbFcv5kanH0AG4VPBzmy3cTe5uSuye1skbmuFwQuNqgWSPYeIcbrmamcpvdJnd02OGOO2KNwRiVz5XnstN7d5Vu9EjMQxfDp8OZV/rNK0SQtftaI7WBHIG3xVY0dOThGq25eVPZYx7EcBxSnxjDHN+cwHdrhcEEWLSObSFnnic4UuzTizLHkTfRZ2O5VzPPIJ6sNZC02F2Cx+GyZx5fzfijRBS6aama7Q06jd3kBuUPEOm7F6iF0UOA0dK5w7VpZHC/gNrfFc5ifSXm+qo3w/pR+H0lrOFKwREju1DtG/mssdNmfdI3y1WnXVsNmWiwfKlXPQ4lUl+INaHyxNF5CTvYu4M8hc+S4DEcfrapxbEW08I2ayMWsEwrqqSsqXzPJJceZufisgppJnhkbbkq+EdnETHkn6nL6+AbZp9XZlk1HucVJU0FdWRaJpndUDsHG9ypHD8Mip2jUA+U8SeXknMX0kzmMsGtHHw5fHj8FfHG/JneReBULDGxsMbesfbgdhbvd3DwTllG0u6yocZpO88B5DkjwxiNnC3f3lIlqI2m2pt+5W0V3Zjmsb7LQPchucb2SXzNO+/wKHrafrBJjRuSOOQdtrT5hWv8AJjzlUZaz1DgFRM79FY28QOa53Zjnt9G8dxJ7B7wR3BVRc8rH3pcFRNTTRVMF2zQPbLGe57SHN/EBVyVqicT6GalmpQ+WcZjx7LuG43ENLMQpY6kD9nW0Ej3Eke5SYcsFmigy0kNddKadkAYQkOCXdJcUAJstHklLCEADeNkCL+lxfbHqnLuCAwfrUf2h6qLJIq7PAAxit8Kt/HzKnei14bHVXPF49FC57A/TVcP97d6lSvRkLMqrnm30XMTpnVmrgiw2u21IXXAHjbda1gMITJ7hfc8SpuVGdRsenEY4Yxd4HH1UTjebYKSmOmznb81E4/OGRjQ/fe4B8VwmMzOMb3E32JWTNq5Re2Jt0+jjk5ZMYXnjC4MbBr3NjdK+3WE7M3vuqvznm6sr+kKuxHBLNpnVsdREHtBa58QsJPhf3LkswVUj8QlZqPHvTOigqq6XqKeN5e1t3EbaR3lX4srhE9Fi/wDiWLUxjmzSdd0vj9T0v0UZups5Bs9fUfN8cp63rGsicQ18RFi0C+7eN1bcTh1r/P8AJePejSrmwLNlCyDEYW1wL2sAIuWuG9wV6ty9WTVVNqqbCYW1W4LRinuVnn/rejjpdR6cOq4/H4/f+pPbaUzr/wCq35p2z2U2rALRHjur30cZdg5BaK3gqh6ZIwySAW4FvqrfqeHeqd6V3yYhigpogGEva0OcduKx6nlJflGvS8Sb/BF4ISHS28FaVELwR/ZHoq+ZhjsMkiY52oywh/krEoBeni+yPRacMWuGVamak9yGmZ23y7XfclU6BsrozG3VgFcP4LvRUyOCnPsyoTZKAW7LAFEZqy2At2WwEAEiGy53pAZfC5PFhXSx8FAZ8F8Lf9gqQjzmW2c77R9V1XRFj8uVekbCschaHup3m7e8EEEfiubLe277R9V1HRRgQzH0jYRgpfoFTNYu7gASfRbocUUTprk9f/JxxD/SmrzdmOogaJKrExYfstEbQAnvyoqOI9Ghk6pocypjs6243UV0I1OB9H2IZry1iuJwwPhrmyRmV4bqY6MWt3rXyhs+ZWxfIL8IwzEoKyrlmYQyJ2rSGm5J7lHIltVfgrhJbav/AGzpmI8ZTZiOxaAHDbIrSgNKK0oGGaUQFBad0RpQIIClBDBSwmAsFKBQ+IS2oAWEtqQEtqAAVVVRQscKyeCNhNiJSACfeudzVn/JuU8IlxGtxOiPV36ungs6SZ4FwxoA4m3E7BdLV0VNXBkdVAyYNN2tcL7ryL8pzOGF45mT/RzAoYIsPwmRwfPGwAz1PBxB/Zb7I7zc9ylCG534IylSoq3MuKTYvjdbitTYT11TJUyAG4Be4uI917JkeAcEKTtVTm/siyK5oLC08LWKvbt2QquANTW0dL2J5mte76guSPO3BQMtI7EMUmkpmEQF/tkWHuU/FhdPE8yhjQXDlunkbNLQBsR4KEouXZNSUehpDTNgpBHbYG+6aSyMbuGqQrjohUU5zA0ue4NY0bk8lJ8EVyIdUmxIDWNG7nHkFEV1U+rkDW3EbfZH5nxS5ZJcQnEULS2Jp2H5nxUnQYW0EahqKpbc+F0XJKPLI6hoJZngAbFdFRUbKdgawXJ9p3enMEDY22AHijBoF1OMFEhKbkNap3VQOcPa9lvmdkSiiEUWu1y43HoPwATatvNW00DSLFxcQO4bqSZESATy4eCl5IjecPf7Trg/V3t8Aht1NFhZo8GAJ89gA3TWVjOVx70mMBI8XsXG6E59uJCJJGd7Ov5ptIwi9wR4tKi2SQS4O9r+IShfq3W1eyfRNmQBx1RvId4GxTi8rYXNc4nskXPkq2yaPdmQyG5Gy+GtDQMLprAcvomqda/ay5/IjteRcAeOeGU//wATQpkHdc2+TVQ6a7xRA5NWvRGuUkyNB7rV73Sbrd0wNpQWgtgboEaeLBAb/PsP7w9U4fwsm4/nWfaHqkySKvz27+Wq62/62/1Kkejt+ltTvxLVGZ23xuv/AOKd6lSGQHWE/uXKl5Ou/ajunEmMnhso6pa5xtqKkAdUVr8U1mtrO6hPkhHg5bEYbgi5O5XL5lo7UL3tdYhpXV4vNGwmx3JK4/NNcG4dJqNhZc6Vb6Ojhk0rO86OOjrBaDA4auto4KqvqWiWWWRoda4uAL8AFJZpyPgNdQTs+aR08kkZYJYQGuF+eyqnBemWuwfCYcPmpWVr4mBrJQ/TcDhdN6zpnxqrfZtJTxsvwuSV6T0sbhwjgz+o5ceW97tFRBtZlDpCrYJ4HVk9FUdWHaA4PadhYcefxV49AXSW6qx0ZSrhPUPcNMdTKbOa5ouWnvHcvOWZJ8Sd0gVOIVMvXVU0wqQ8bDc3HwtZW58nnDWYn0mHFJ6iGF0BM3Vl1nSPtyHvus7TUkeiwR0+bR5cuTJul3XxfT/vwetY3bWQa0/Rt81qN9xxQq59oW781a3webS5NVMlgT4WVU5lpY6zM7IpLlr3EbctjY+5WbO4Oi4qscfnEGaaZxP191lyu5w/VGrCvtl+gXEWyA4d1kpk/UwLnmRzXc4cL00X2B6LgZKymq6XDn087JdNOQdJvbtKwML/AKHAf4bfRbo+5mKXsQnHm3wOtH8F3oqUAV342L4LWfcu9FSICWTsrRpbC2FuygSNWWAJVlsBABIRcKDz0L4a77BU/ENlBZ3/AKAW2+oVPwLyed3C0r/tH1VhfJwIb03ZaP8AvDh/ccq/ePppB++fVdD0a40cu5+wjGg3V81nDyO8WIPqt0PBnnzFl6dK1HiFX0wZgZh9DU1Th1eoQxF9uwONhsuPxXAccoYRUV+FVtNC42D5Yi0X8yvQXyc8ejzbmDOOMugazra2INB3IaIwB6LqOn2CH/wyxN3VMuzSQbcDqCjLdBFcVa3EWxGYgMKMzgtAw7CitKA0orSgYZpRGlBaUVpQIIEoJAS2pgLalhICI1ACmogSAuH6aukCn6P8qOqourlxer1RYdA7cF3ORw/Ybf3mw5qUYuTpCbpWc709dMAyQ4YDgLKepxySMumfISW0TXDs3A4yG9wDwFieIC8fzvdLIXyvc9xdqJcbknmU7xasqq6vmra2okqKmd5lmmkN3Pe43Lie8lRssjdQDiGsHE2V/CVIq5fLFwtPWSPLfadt5I3K5Wmlrm6mkFp4EG4SxwSGEpnjSWm3Z4eS3JK1p1W803cS12ybvm1XF07EKrpOugNhbtWXL4lUGeUQxEmNuwt9Y96kcVqpHXoqcEvP84Ry8FrBsP0VzDIe00E27iqZtydIuglFWx7g9D83pmBzDrIu4+J5KUiYQAA0AJUYFrAgkcbJR2Go7Dhc8FYlSorbt2YAtOLiQxjHPkcQ1rWi5JPAAcylsaZNWm1mgkk8AFKZKxaTLmPQ442hpqqqpg51MypBLI5eAkLfrFu5A4XseSHdcEopN89ErnLKFFlKDCKaoq5JsxVFL84xOAEdXRh9jHF9u27t+7Zc8bImL4nUYjiVTiNfKZ6qpkdLLI7YuceJ2Ue6pa0Wcb+KSVIlNqUvt6CTOuNimry/fgUmaR3EG47khsmo22v3JNiNkg94PikuC26/MJKgyaEiJpcHDY94RXAnSHb3ICyPcojGGSoZG0XNjbzOw9VEke3+j+Mx5By8x3EYZT3/AP2wpg8UnDaYUeF0lIBYQU8cVvssA/JEIXLfJpQkHdEY5D5pQKEwHDSlNKC0orSppkQgKW1IaEtgTA08bJs6/WNPinbuCaSCzxbvSY0VXnFwOP1//Eu9VJZFPZn25hROa+1mPEB3VDvVS+QyG/OL8Lj81ypeTsfyo7aMWYPAJlU3Jdb3J7G67Ce/ghOZqDiq5ckYnDYyyTrDtzK4vOcUkmGvawEmytHFKN0kLnBt7OPJcpiNEXNc10d9u5c+ScJ2bsbUo0UDVNkhN3gtttumpxGJhF5G+4qzsaypNiuJNpoIdIeSCbbBcLjOTMbwGtfBUYNUXaezJHEXtcO8ELu49XcEZNP9Aw6nK9+Xb+Cc6MqLDcwZnZS4zh8c8E7dDCRZ7Lc7rtqHIs+VumfCKTDXzSUsxFRG48Wsae0CfD81z/Q7hdXHjkVfPGYw0gNa7Yr0tSaJHtqHwgShulriO0Gnkknass+qRxYc3p6V0ttP8/qSbH7GyTVO1Qtv+0ksO3FZUkdU0eKd8HLrkBKbMO/JU90pPdTTOqbvZo+sB3ndW9Ifoj5qsemAD9GSHy9VlzunF/k1adctfgZYJV4TNhdDBhzotcMFpWtFiN+atbCR+owfdt9FRHR6AayrIA/mx6q+cI3oKc/w2+i6OGW5tmPUQ2UheMC+D1Y/gu9FSFtrK88WH8k1X3LvRUaApZOzNE1ZbstgLdlWSE2Wx3pVt1sDwTALENrqGzoP5OP2SpuIKIzmL4Y77JUvAvJ5zlH08v23eqkso4bJi+a8NwyHZ9TO2MHzUfKP1iX7x3quq6HbN6Vstn/fmfmt0OkUSZ6Y+Ta2iyTmHN+A4tiEEE0c8MjRI8N1NLDuLldZ075zy5LkGuwyDFKaesqQ0RxRSB7uINzbgNlQvS9HNL05Yy2GnkmPVRGzGF1uz4KNqcPrWRdbNQ1EUf7T4XNHxISb3R5ZVbXB6QYUdhTdiO1XjDNKK0oLUVqACtKI0oTEVqYBGlLaUhqW1ABGoje5IaltuT3lAEHn/NNBk3KVbj9fZzYG6YYdVjPKfYjHmeJ5AE8l4fzpmjG8247NjWO1bp6mTZunaOJl7hjG/VaO73m5Vj/Kfzqcx5y/QdDOH4Zg5MQLXXbLOf5x/jb2B5HvVPvJAIBC0pbVRVduwMhPMnZNahwaziiSvDTxTrCKPrX/ADiZtwN2NPqkMZ0tFVy0wfSxTNkDti0W1D37FPzBiMMZ6yldIQOLBY39FLxOcxpeXlbqJZHR9q+/LuTURbiIhEjI9U0TBKfq31Bv+ZT1sJDG6bA23IA3QC27rkp3rDGAndCQA8QgiqKYQloY9gvHIBuO/wA03w/DYWP1WcQOJJ4p06Zpbe3BCmkcSI29m/GyHQWFfRYQ6UySUYklP7x/GxTUtgrKt0tRCySOF2iCM+w23E25m/f3J1EGxtvzPBMMNJ0TNPETv9UMY+qpXyQOYNttgNk2MwewPB2Iuin2fEbpnbRK6P6ju0zw7wkwRqR2q+/BN5CbXCO4IL28VFk0IbIw7E6T+CS8NdwKSW34hYLAKDJCmlw2LiQlt3OyQ0XNgE4AZCzVIbdw5lQJIULNbcqb6OaA4vnrBqDTcVGIQRn7IeC78Lrm3SOlu49lgXVdE1RWwdIWXH4ZHrqv0hFoZa9wXWd7tJPkoy6Y12e35Tqe4jgSShFGeBqNuF9kMrnGkGQthbsthqQxTOKK1IjbvwR2jvTQhTQlgLTbf9hFa2/NSsiIeNkylFne9P3ixTKcb3KGNFSZlN8zYi3+O71UrkofSTb7CyiMxOH+lmIt/ju9VL5QB66YXtw/NcqfTOx4R2sL9VuCM0DS4JtDs0Izndna3BVpkKMhaxzXMcAbuKXJhtJMO1E34JFMd/8AmKeNeQNimqfYna6GrMKoqaJ7o4GB1uNk9ZDHY3aD5hIlcTE7fkiNOysTrhFbTfY1ZheHR1HXRUMDJCblwYAU4O1Q73JYO4K1IPpi7wCldIVWFa4Wsh1b7NbvzWgTYIFYew3zT3C2iJJAI+KrXpZffC5Bx/8A9XfSyXad1X3SkD+jJL9yzZpXRpwqmct0f3bVVQ59WPVX5gm+G033Y9FQmQ7iuqNuMavzAhfC6X7oLpaYx63tDjEhfDKkfwneioy26vavF8PqB/Dd6KjCO0fNXZO0YoibLdlvktgKskaSgFltlsDdABogojOQH6Ld9kqYiCi84tvhTj+6fRS8C8nnCX+kzfeO9VJZQxE4Pm7C8TAuaaobJbyKYT/0uf7x3qjYTTOrMao6RntTStYPeVujwkyhq+D2D8m/GKbNufM640+nbd5pmMJG4Aa7ZWV0xQ07OjXGCIGXEBtccDcbqofkp0Qy1nDN+EVkzWyNbTvAJ4izt1a/TTiVBH0Z4sH1MQdLDojF93OJFgEp04NorXCaZAsRmIDEdivEFaitQmorUDCsRWITUViYBAiNQwltKACAqh/lRdLVLgOG1GR8CklmxurYG1T4X6fm0ZsSwkfWcOPc078bK3M84/HlbJuLZhkAd8wpXysaeD38GN97i0LwBiE0lZXVOI4o99VW1krpp3vdu5zjc395vZXY1S3EJO3QwdUzTyWc6Srk/soOzG3wLhxTttBNO0GpAiI9kQt06ffxKPT/ADudoZCGwxD9kWARTCyMWlqmN7ze5TUfkHL4I+KkqRWMppnFzHHsyHu5g+K6aBo6sNaQ1g22tdQ73wtaWio1A7EOF1PZhzc/H8mRZexGCnY6hjaKGeliEXskdl4Asbi41D3jmjmPSGql26ByVFPAdUsscbQOwHuA1H3oTpOtbqBDge5cRHRmolLKl8hc0dnU6+3cF0OGwYcW/NBeKeNoNxcE+IIQpt+BOKXklCBbfdG0t0ja5TFtPIxmpmIvDQbWeA7/AKpzHJEGduoBfwHZsPVSsjRlTGzqwbdu4De66ESxsjpXcOQSZpZJHDRps0HcHmgaHON3FFhQeF5kkL3e5BhPV107eUlpG+h/EJwwBjO5NJzZwcb7HiEAOy5Al91wVsSBzbtcHeRQZXHik2SRpzhvfmgyOCQ9290Jz1W2TSFPctMBe6wSA0k7jZF3DbagxvqoMkLMjIRZtnyfgENw7WuckuP1UgvDdoxbxPFNqqqjpyA7tSHe3d5pDQaoqGNLdbgCfZb3q5PkgwY27pEqqingjNAyhe2tkc3dgcR1YaeRLhy5B11StRFFN1MkTtetl3g37J4L0V8jCd7a3MtJIwginp3tcOFtbxbz3VWV/Yycez0c4JNkslJPBYS8SsL2jiUlxTeW5vukxharEKemgMjw91uTUmLFmSOaG079za5cNlHYy39Qee63qk4f/PRbW+kb6oQmSr8dwuJv0uIUbDzHXAoLs14CzY4nASOTQ53oEjBI546ICeH6BzpCxw2Asb7j/JRcgcKh41O9o81uhpL7Zy8mvlHpEpHm/A6h1oaiaTiezSS228S1SE0rJI2SRnsvaHC+y5inv1NiTxPPxKl5nkUsBBt9EFVqMKxJNMv0eplnk00Vfj7w7OeIgf2rvyU5lUgTy722C5SoldLm7EC7j1711OV/6TIL/VHquJk6Z6RdI7CE8CCjOIIO6awHax4o4ILVnsKCU59rzToOAHNNID7Y/eRwbppiaFyP+jd5I7XDTsmUxtG7yRoXXU1Ii0OC7gkSP7ZPgFp52A8UF7u1bwCe4W0cB2w3Qa4/RNt3rbeASKs/RN809wUR8nC64XpNIdhcg56V3kwAauF6SW3w6Tv0rPkfRfiXJzGSWhtXKf4SvnAd8JpfugqLyk3TM898avXL++D0h/hBdfTeTBre0PKwXoph/Dd6KjHjtu8yr2qBeml+wfRUVKPpX/aPqr8naMKE2WWW1gVYza2AsASggYaEKOzY2+FP+yVJQplmdt8Lk+yVLwLyeaakWrZ/vHeqlMk/7bYL/wAZH/iCjawfr9QP4rvVGwWq+ZY9Q1g4wzsf8CtkOkUSLa6UBUR9M1eabrhqp49Qi1bi3OyHVx1bo2unZUBvfIHW/FWx8nLEqfNXSRmjE5KaNx+bU7WlwvYdrb8FbXSvhFE/o7xdzoGAxwF7TbgQpU4RsodSbaOaYjMQWIzFaSCtRWoTUZiBhGojChtRGJgEHHiiBDCIEAVT8q2ubSdEc0JcAauvp4gL8QC55/whePourdJqJEjuLj9Vq9h/Kqws4j0RzztZqdQVsFQduDSSxx/vheRDE13YA0xjj4rQvYip+5iWdZU+04xw8gNro7YaaMey3zduVra1hYAcAs+iB3bqKYjRMZdpjv4aWi6WKY8S17h5oT6mNhIFgkGvDdwfgUWFBJYonnS2DfwaL/FR8kMsNWJI6mMPZ2ml4tpPdccQjSYpVSDQ27mpVM2sf2iyGFpPtFtyk6ZJWglPW9fGC9jW6jdzRvYopZp3ta/C6FUMcH3Y8Ahtw7SOKgq2LGtZDqqV7eVnWHwUW9qGvuOkY+Np3e23NEmrKGJu9RGLctQXEupqsnt63eZKe0VMxrTrozIe8bkKG9vwT2JeSdfjWGg260vP7rSUkYlFNtFR1Mg+7sm9O7RsI2wjvc0BZU11OwlprHzO/Yj/AOie5+QUV4HMbyTqFK+I/vELJpWlt9fmowvqp79TSCNv7chuU1eQKhkfXOlcT2iTt5BJzBQJCaVgOxSGannwWnxOMlg1pPcUVjHlvsgC/wAFFkkKDmMFmi7lpwcd3Gy1NJFTx65CGjl3nyUVU1ks5IHYZ3cz5qLaQ6sezVAAc2GxcOJ7lGdWXAvNySbklHptng8RzCNHHoc6J3L/ALul2S6E0bnGB0YPbj7bPzC9SfIyiZJgeYsQDd3z08N/Jr3EfivMULGRVDZLiw4jwXpn5FMkzMEzZQu/mIa+B7D4ujcD+DWqvL7Bw7PQJSeSUVhWMuAuCC4cUd6ERxUWNDLGG3w+T3eqRRNHXRb/AFx6pxizf1CTyQqIfSM+0PVSSIvsDPmGKCglopG3MTiIiOW51A+fHzRcMo5KyA1DwGOd2g08d91FVuGVNTFO9jG6DI8Ak9zij5Fxj54ZsLrWviqIXXYNVtQGx/zXTyylDHcDiaeMcmVxyf0HNZROow0Oc1wcSdvjZOXb0cH3aFmCeM1UVLE4u6u5eS6+55IrRehgP7h9SsuocpYYuRt0kYQ1Eow6op99v9M8QH8Z66nLt/ncluTR6rlpm6c5V/37/QLp8vOLa14722XBye1nqF0jronXDT4Iw9n3ppC46AO5OYyfxWZMdC4D2nD98p0xyYRO7b/tFOo3gAXQmJoJP/NO8ilwvtbyQJiDEd+Sxj7W9ydiodPdce9Cce2fJbDrgoeoF9x3J2FDhh2CTVH6IeaS12yRVH6I2PNOxUNpTdpXDdI5PzJ4P7JXZyvIJC4jpFJdh0h7mlVTfRdiXJC5bs2Ugf2avHLZvgdGf4QVGZbeDIHd8avLLJvgNH90F2NL2zn67wSUo+gkH7p9FRVQLVEng8+qvaT+Zf8AZKoup/pMv23eq0Ze0YECCVZaCUqxmBbusCyyADwcE1zEL4ZJ9kp3CE3x8Xw2T7JUvAeTzPiA/lKq+9ck0sRnr6eFvF7w0e8omJAjFKr70ouBf7QYd/xDP8QWyPtRSz0V8m2up8jZ9x/DcUnjj6+khe1zza5aTt+Ksbpcz/S1uU62go5mv69oYTflfdUH0kwvZ0hyPjLgSxg7PH2U3qDPpAeZS394n8003KPJTkioyaR6UjR2IEaOxXgEaitQ2ojeQQMK1FbwQmorUALaiNQ2pbCgDnulLDX4x0b5jw2MapJsOl0Ac3NbrH4tXg8yucAb2B3X0V25gEcweBXirp06NKrI+Y5J7PdgNdM91DOwXDb79S7uc3l3gXHO1+N/bRXJc2V0+oaHaWkudwFkN8sl+rj3efaN9m+CS6anaC2nYR3uPH/olwviDdIs3vui7CqMjoucr7k9yK2ihuOJ32ut/OISf51lh3EIvz2hg7T6mIv5DVe3wT4DkcQUsUTb6BdKkAcbmx/JNHYrS6SQZnDm4Rusm7sboBe75L+LChySDax8Y232BG62WgnuCYwYvQyOF6kNPHtNICI7F8KZ7VVq8GtJS3L5Da/gO6NtrtaE1rYIRTvfK0ANHtd26UMcwn+3cPOMpjmDE6Oow3q6Woa9zngOHA2G6UpKuyUYu1wdjPk3LNZgMWI4dizRU2DZaWc6iHeFt7LnpMNfQvIjggdo4mNwNvdxXLiZ0z9b62UAcGgnVfuFkSaiEekEufNL7LL+qyY1kXmzZklil4od4pipcOqYQBaxIKiYpbzB7jtdGlw97fPySGUrxe4U5KTdsqVJE1HU0zhqbPGHAftW9VqpxSGKBzYSJJCOyOIb4lRPzV3csNO4BNtsSihL5HyyF8ry5x5krcY1b8FtsZvwRoo/BRSJG4mlpBBT9rGzaHE6XAaSfRBjYL3R4zpOw2U0itsbVMMsLSTyNiV7K+SlhlFSdEVPiVM4vnxSqlnqnEcHtPVhvkA0f+4ryRJH85o5W8Xhnx7j/wB9y9d/JQpJ6XoQwt84I+c1NTPED+wZNIPv0kqjP7SzG+S0ufBaKV4rTllLQb0KyK/ihnmkMb4qP5Pl+yhUgs5h/eHqi4rvh8o/dSKT6nmPVTSIsylkgg0iWYOpTO/rgz2mHWb/AIG65+uw+mgxmSZgc2ohldpka4g3vx+CXiDZAKqoY4GnfUyQuc03DXtcdj3Hf4FMaaaSYyPkc5ztViT5LrY0nE83mk1OumhzT36yV7nFznSOJJ53XQQG+Fwn913qucpyS54Fr6zzXR0ZBwmGzg62obG/ArNrktiNv0tt5H+hUNTY5zrwdvp3+i6DAT+uP47s/NQNaNOeK8H+3d/hCl6FrnVJ0Suj7O+k2uvM5eIs9nBWkdhE4806Y7iR3rn4onObd1RUO2/tSPROI6WLTu2R32pHH81hU0WODJON30kh5XTlr+zxUdSMjhic2NoALrpyx3AFSsVDlz/o3HuaU3ZWNcBYSO25MKI13YO6JE63PknZEQKt97Np5z/yJdLLI57hJE+OwFtXNE6zihTSASg3+qi6ActO6DXyPbB9G0OdcWBNkhkiHWy3iHmE93AqG7m1j7nTA2/e4lcjn6GpOHyh8kQAYeAK6/rOzxXM567WFTn+GVVKRbjXJyGVHEuAPJivvKv+oKP7sKgcqkiS3PQr9ykb5foj/DXd0nbOdr+kSsg+if5FUXV7Vc33jvVXs8fRu8iqJrv6bP8AeO9Vpy9o58QYWwk3WwVUMUthaSggA0SBj3+rZSBc6SAPFHi4oWNf6tf4W9VJCfB5wzLRVGH45VQVTNMmvVbwKZUU5psSppxxjka74FdT0tD/AM71f2Wei5AtJIIWyPRSz0r0KZiw3HekusqsThiuaQCLXyI2KvXOLsutyTiEk1PTaG07z2gONtl8/Ip6qOTrI5XNf3g2KduxbF3xmJ9fUOYeLTISPhdX7o7NtGXJhnKblfZ7cYjsQGIzCmWhmpbeKG1EZwQMK1FagtRWlABGojUJqI1AggKY5jwXCsx4JU4LjVHHWUFU3TLE/wDBwPEOB3BG4KehKamnQHn2o+S5hZlJpM5V7YtV2tnoWPc0d2oOF/gprBPkyZDpmfypiGNYm/wlbTtHkGgn8VdgRGotjKfn+TR0XzQOjbDjcbjwe3ESS33FpHxXkvpcw/Cco9JON5Yy3LVVFDhs/UNmnc10heGjrL2AFg64Hkvou6ZlPE+ok2ZC0yO8mi59F838Ta7FMZxHGKm75q2pkncT3veXH1U1Fyi2Lck+Tlpayrkd9IXOaeTuCcUsbZ5xF2W95OwCmnUcZcQWDYBHjpI2kODGix7kek/kPVXhEPNS27FLC6U83OGlv4oDsJqHdpzmNPc3ddKGC10jRun6aF6j8HOfoh/MFx7ys/Q8n1rjwXR6bLGsR6UQ9SRCU+Htph1sg2bunmH05BfVTD6R/AHkO5PZY9bg07tC27cgBNRSBybBiFj93AJD6eLgBZOTZrLINy87cFJkUNnU4PshIfSix2T8CwWnbhRolZGNpeBskQMFjccHEfipYAEDZM6NlxKO6Vw/FRaJbhHzcO9ly11ZbsQnfV6TslmxG4RQWawraoDHXGrbbjuvoBgmHUeD4Dh+E0EPU0lHTRwws/Za1oA9/f4r59GZrJm9W7TICLEcQe9e6einM/8ApfkHDcZlcHVRaYaq39qzZx9+zvesuoXRbjOnSSlLRWUtBScEMhGLbpTIgeSKHZH4g17qSRrW6iW2ATKnq9Fg6lqgR3xrohECLLfUMPJSSIs5umo8MhFY2Cjr3Mrak1MzJJeyZDfcC+3FHgw+kBOjCYW3N7veSp35uwcGhKbEEK0qTIuMZO2uSPp6ZkYu2ngZ9mMINU0kuNrE8bbKYMeyZ1UVrquUbLI8FH4mf/PVeCLfTf8A1CnMMZqqCOHZUbmdjY8/VbQOLwf7oUrgljWuvzjPquTmXEkdvG+Ism4G9gEookbct4XSmmzALIZaL3XOqi+7DxjjyRAe5ChNwfNOI2bXUiLFX7FkRm48UMt2KLFwHkmQFOFhxTSpeRKPEJ64XTSoj7fDgEmNGMedIQqgks96M1nC6TPH9ETbmh2A21G581BZy3wmf7BK6Dqza9lz+dOzhFR92fRVclkezi8rH6c95Yr+ycb5dovu1QGVj9O3b6iv3JZvlyj+x+a9FpPczma/pE262g+SofED/KFR9671V8O9g+SoXET/AClU3/tneq05u0c6INKCGEsFVExYKUCkBKCADxlIxUF+HygcdOy3GeCPbU0jjspoizzr0j1gnzdVPL9ZAaD7guebI26lc9t05vxFo2tKVHYbQV+IzGKgpZqqQDUWQxl5A77Ba4dWUs0JB3pYkb3p4/L+YI/bwXEG+dK//JBkw3FIgXSYfVMA4l0DgB+CluXyK0e4mIzEFqKxXFQUIjShNKI3ggdhWorUFqK3ggAjSltQwltQAUJTUhqWEALBRGlCaiNQBH5ze6PJWOyMNnNwypIPj1Tl4AjjAhaPAL3/AJxt/objmrh+jan/AOJy8C2swDwC0Y/YVy9wF7O1KUlhu0+d0WXYOPfZAbs0KREWTyCSN1q+/uWxwSGad3JRs0WHEpNxqukudugZjwsaWtG3HmUk78Uk8LAJDNPcXHwWx4LY2CxIZo8UocBZJ5hKA2QBpu4HkmlGTqqPvneqeMI0hMKZwbUVI3/nSVF9kl0Oy4W3Taoc8nTGDbvW5XEgLcLwDYpMEIijDG3Iu8ncr0t8jfFxJhWP4G951RzMrImnuI0O/ENXm61pW9xKtT5L+JjDulGlp3P0srmS0p8S5pc3+80KrKriyyD5PXZ71hWliwl5sDdFahNRW8ExCwtnhsUkLZ4FMBQ80oFI5BKagQo8E0quadOTWpPFJkkUxnFoGf6hwt7Tf8IUjgYvWOH7hKYZ1H/nqoPiw/3UWlq20ZfORezCFxtQ63HbxK4xOoDiRutkbFUTi/SdiH6cfqrJ6fDY5DGxkDRqkI4kk8vBWJk7POHY/TtgZVwyVMbe022l5HeR+aolpZrHvBaiPqbDs6b23DxCkI22aoI4pRUcElVWVMVPC2xc+R4aB8UfJeZMIzZPWwYDViufRR9ZOGNI0svbUL8RfuVEISl0izJKMe3RLuHFFhGw8kN/H3IsIu1vkgQQhNpx9K3xCdkC101qN5W+SKA2G7LJ2fRHzSm8EuTeK6YhnazVy+eNsLnH7h9F1jgACVymeP8AVs32D6KqaLcfZwuVrCZtjcllz8Ff+Sf9mqP7J9VQOWbtmjBH1Pir8yMb5Yo/sn1Xf0nuZzdf0idPsnyVC4ptilVf+2d6lXzfYqh8X2xarH8Z/qtObtHOgAaiBBad0UcFUiYoJQKQClXTEFjTqLYHyTSIp3Fu0+SmhM82Z9bqzriLBveayuv5HuGxQ53xls8UeplFGRqG+7iqbzyLZ/qx/vDfULoTiNfgudDU4dWz0crqcXfDIWH8FqxSqiia4s9zvoaVxt1EJ+CZ4zgtK/CKsOoY3Awu5A8l5TwvPudIxePMuIGxuC+XX63UpV9KXSBPRyU0mYJHRSMLHWhjBsfEC4U5XXCILJ8l1NRGobURquIBQltQ2ogQNBWojSgtKK1AwgRGoTUtqACgogQ2pYQIWCiNKE1EagZznS3V/Mui3MtRqsRh0jAfF9mf/ZeHpRubL1/8pWtNJ0R10YdY1VTBB5jXqP8AgXkCTgStEPYiqT+4b1B+jBTYHYeSPMbst4pvewFxtZMRsncLdzZIJ3BWxskM2TyWis4rDxSJCXcdlpKPBJPkkBiwLR3W9JskMwcUS1gkhp9yUeG6YhDbaQmEAvW1IH9oU+YdgmVL/S6h3PrTZRfgmvIVzS5yw07uIR9Y5rRkB4IAG1rmDch3cPFTGUsTmwbMmG4sw6TSVUU+3c14J/C6ig67m35OCcsADQ08uySoNElwfQEuY7txm7HbtPeDuFq65jopxR2M9G2AYg8kyPomMkJ5uZeM/wCFdNzXPap0aLsUERqECltKYBQdlvikNJut3NkxChult2CQ1LHBAGydrhNajcpydgm1QN0mNFPZ77Od5/ssP91RmJTEUUuloLtDtj5KSz//ALaz8uyz/CmEUQmcYzzBC4up/mO9p/bE81Zkxd0kdLCKKQCGORmqJxbd5eTd3eeSmujDFqSmqppDhGNYjMYnNjhoqvqpWvNrOc7Sbt8Nl12J9GmNNxarNDRsqaSocXs+kAMZPHiu86K+j9uXaWepqWMFZU7O0m+lo5XWqWrxrCvL+DAtNP1Wul8nIZfy7mfHI5XYpgVNNK6NzYziuISPERJ2cI2bEgbb96l8SzPnfomzHFjLKfL0dHWR9VPBh9KWjq7AW7W5ta/FWfTUzaed+kdyDm3LWFZuwn9G4tG/RxjkjNnsPgVgjrpKSro1S0cGubsm8vYrFjOBUeKQyB7KiPW1wFr+5S1K4FgHgFC5ewmkwHAaPBqAPFNSxdXHrN3HxJ71I0slmt8gqJNOTa6LYpqKT7JE7BNKhwEo8QjtfqCaVf8AOsv3FRY0FDtwiPP0RTeM2KLI76E2TEDeezc+5crnc/ydL9g+i6d17X7ly2dRqw6Vo46T6KqZbj7OFy++1XCP3FfuQzfK9J5H1Xn/AAED53ETyjV+dH5vlel/5vVd/R+5nO1/tR0R4Kh8a2xmsHdO/wBVe19iqHx42xutH8d/qtWbwc2I2B3uih2yba7G10oPHeqUTHAct3TcycN0vWLcUxDqJ26e029/JRsLxdSFE4EnyU4iZ516Qj1efa1x5TAq8/ktfoTHOlrEHYjQwVWjCh1PXMD2tOoA7HbcKi+k0EZ5xAc9YVp/JKD4ulKtjl7N8NB359oLXiSdGbJdf2/yesMZylkSaRks+A4WXM/YpmA28QBuFyueOjHJdZhEk1BhNPRzhhcySBujl3DYrr5IX6dQaACNtwjY/DI7AnNigkc8xnZgueCltVCpX0cC1LahtRGndXEGEaiNQ2pbUAgg2RGIYS2oGFCW1DaltQAVqWENqI1AC2ojUMJbUAVN8q8O/wDDKmcL2bicd/fHIvK0ns+5euflPQ9b0O17gP5qqp3/AN+3/wBl5CJ1Rj7Nlpj7EVPtjaX2Sm9zYBOHWc0ptf1QBj9nNCUEk96UDcboA2FvkkrYUSSMIWgt3WbeKBmr33WwssFokBAhRKQ94AuhySjkgPmAHEBJkkEa7YJvRm75ncLyOt8Unrmho7V1lLcQt23Nz8TdQZJDoi/FYAktDkQADiUwNgi1huVMZewqvx3FKbCsMpn1NZUSBkUbfrHvvyAG5PIC6gKmeCFt3u35AFegfkd43g89VieENwi+MGJ1Q7ER2i2AOa0RG/sC5uLe1vfgFXkltRKMbLx6P8BdlfJWFYBJMyeWjg0ySMBDXPLi5xF+V3GynAeax225Sb9yw9s0CgUoOA4lDsEpthw2QAVpJ4NPvSwhtKIExCglWPekpQTAwh1vb/BNpg/Vu+47rJ1yTabjdJjRT3SB/tpNsfZj/wAKDhwtUsvzuj9In+2zxyMcfogYef1hnmVxdQuZf1O5gf2ROgpWjZSDGgMACjqdwFuSdl9gFyrpmpqxD7dc7yCdQcb2Ua6YiqcDwsE8hkSvkGuB+T2RZZTk2b5IWsadkuJ40DuIViZXQ/Y4bFBrTaVhvyK01wtx2KBWv3Yb96lYqCxne6LIfoj5JlDJtxTh7voT5JroTEuebeAXMZyfbD5rfsH0XROJLDyXL5xANDIL/VKrmWY+ziMun6eInmxX10euvlem83eqoPANpoRf6qvjo6N8r0/2neq7+j97Obr/AGI6a+yorMLR+na7793qryBVIZit+nq4d0zvVa8vg5kSLDAQSb3W2xC3Eog4IrGghUpE7GpgJ+sQhuhkHsvNk/0A8VnUt34o2hZHtZMD7alMIMraiz3XBCRHSMPenlDTNZLqDjsFKEXYm1R586Tds+Vv3jVIGvr8HzpT1mG1MlLP82bZ8ZsVH9KZ057rSeTgV3fQvhuEZw6V6ejxOn66BtAXBh4Eiw3WuCuiibSi7Omw3pazy2JolxRs7mDbrI7E+eki6nT07Z0bTOgkgw5126Q/qzceO5KsaboYyc930dLJD9iRw/NRudehTLWG5NxDFaWqrI6mlhMrNUupu29iCOBUpJJWylbl0TbSlttdDaiNV4BAiNQmlECACNRGoQRWcEAECWEMJbUxhWpYQ2ojUCFtRGlDCW1IZzfS1glVmPo1x3B6GLrqyemvTxg2L5GuD2gX5nTb3rw3UxTUdVJTVMUkMjHmN8cjS1zHDiCDuDysvoaxVz0ydEmDZ+oZq2lZDh+YWtvFWAWbNYbMlA4jlq4jxGyuxzVbWQlHm0eMHHQ5w2TbmQpLMWE4lgOOVWDYzSvpa+meYp4nEHS7kbjYggg35ghRDJmufubG5YVN8EUFvYHwWtdgN7pJdY2IsUJ7g12niDx8EhjrVzWNddMxLK119nRngRyKWKmPSXX3HFvNKx0OS4DiU3qa5kGnsl1+5N3zB7g4P2PemlbI12ktcHWO9lFy4JRVsdjFY3OsGOB5XGyX851b3UXVu1SNANuzdIPzlhBDJN/Dio7mT2klUVscQ3Bc48gmhrGz7CFx8AQE2OoyXcxxPcQUQRU7juHavh+KhbZKkh5FABHrka1l+RSZK2CA2a7UR4pmYGWA6zUT9UEkpXzRx/qz79k7fgVLyKfilW8kRMaG8+9D+c1TiLv4j4JcdPI15DWAX7ylwwyCa/YFzbv5hR+4lwOsHwmrxfE6XDaOF0tVVzR08TRclz3O28f+yvdPRP0e4R0c5edhlA/51WzuEldWuZpdUPGwsPqsG4a3zPEleZvkpOLOmTD2uaHF9NVbuAOn6IkEdxuOI7yvZJ2VGV80TiIdvx3WbrD4LSpJGE7pQKRZbugAzSljkgsRQVIAgShdICWCECFeCbzI5QJkMaKe6Rb/AOm7ud4o/RNqH+eaPNOukns50vb+pj9Co+F+mUb7ri6nuR3dP7Ik7FJcgJ7clu6iqYk6T3KQa7s7lcV9m6gMjgKl1jyCcwvUdI61QT3hHgfvxSQ2uCUjk8UaJw0i/MKOa+wvfijRy9hovyViZU0SWvsjwTavks1u/ehNmsbXTfEJuyzfmpWJLkd07+zdODL9GQomnmu0bpz130ZF901Ii4jl8t9rrmc1u1UkgJ+qVLmbY7qAzLJqp5PslJ8k4KmcfgZtPDbuV8dHDr5Xh+271VCYIe3D5K9ujV18rxfeO9V6DSe85eu/ho6kHfgqRzNtmGv+/crtBVI5sP8A5krxf+uK2ZfBzIDJrgdrozNgE0a4A6k4ZIDbdUokGuUocNyh6xbitB4tsd1IQ4jO6fUvEnwUZG7ndPqV1/gpx7Ezz10s/wC3Fb4kKwvkpUk7emKMuFg3DXvN+64Cr3pb2z1V+5SNFjeK5czbh2KYNVvpKkU2nW2xuDxBB2IWjG6opnG4s95VdWYuyIJdR4ENumufpC7o3xjrQSfmUnFpH1SvNWH9NmdWCN1U+kqS0cTEGX87KWzF08ZgxbLtRhH6KoqY1EZjfKxxcdJ42BHFGTc4tUQTRaDURqG3giNWgiECIEMJbUwCBEahBEagArUtqG1LbxQAVqIEJpRGoAIEoJASwgArUWM7i+45oLUWIXOyBng3p0w7FaXpUzHHigkZVSV0kzXG9pInuLmOHeC23wtyVdTNewkOjBBdqPbI3716e+UVS0+bs2RQwyxQVFMXwxzuPFotYHnp1avfchUJj2D1uFVho8UpjE+5DXcWP8Wu4ELoZdNNRU2uGYcOrxym4J8oimy6m9oA99jchAniLna2P1W5DY+9HbRhkpdq1NIsGnl43Sixv7YI7nLNXyak14Gbm6TqHXi+/Ab/AOaFOS1ly1/GwJbv+CcVRbGwOJs1p2KavLpCHMa5wJuLNNuFlFk0AJeCRGHm5GxCU2KWUdW1gGi4ddycaSIGhlPKXCxJ02uUVnWtY8CCQai53AE7qO0luAQU8jrSOcGDTfsjc+8p4KVpvqkmP/OVjQWwBgiluGht9KW6R5uGxON+dwE0kRbBmhhG7m395K3FSQW/mmk6jckX5ogM3s6Bc8i8X+CkcPwLMVZb5pgldOCSbx00jgb+Iapbb6Qt1dsjnMDCwNaANXLySiwWIHNdhhvRZ0j4jp+b5WrmjiDKwRj++4KcpOgnpGnZrloqan8Ja1gPwbdGyXwR9SPyVcWg2tsXNt70Jxa2Ruohp1nj7laWK9CmL4bQx1VZiFA8vmbC5kT5HlpcbcTYcSNkbC+i3C6iGhtUTz1U0sd43kNbY27NhuDvbjsn6M2rIPVYourJz5JWVcRqM4S5ufTFmFUkE1PFMSB1kzrDS0cTZriSeG4XqIqNy1gWFZawWDB8Ho46SjgB0xsJN3HdziTuSTvdSBO+y5s5bnZ0IqkausWlsKAzLbLFhK0mAtnFEahN4ogIQIK1LahDglsKYgh4IE3FGPBAl4ooaKf6Tds5/wD6Mf5qMg3lbbvUn0n7Zxabf1LPzUTSu+nHmuLqu5f1O7pvZEnqYANCcudZu3emtOewBxPeiOfsN/guLI3oaTvIlO/cislsE0qH/TOAPILBJYBJFngkBKSAPBEjm7LbnhsosTHv4IrZTbimiDiSPXdrjwTbEJyWt80Jr+2N0CvdZgN+akRSDw1BHOyciclvFQvXtbxcAjMqCW9lrneNtk0mDSJB81mE3ULjs16OU35FOXzOLCCojGXE0zxf6t0IaRA4E83hJ8le/Rk++WI/vXeqoTBnACHdXr0Xuvlpv3rl6LSe842u/ho7EHmqPze++Z8QH8Yq7Wqjs5nTmjEPvitebwcyHZHh1xYJbXbgBNmuRY33VJYEc4h252SmOLXeBQHEg3KwOuNjwTFRIROI3TyGYMIJUXA8808Y5rtIO6nHsi+iiul0/wDnmqP7oK7LoewLDM99KODYRiBeKQUr5JA0kF2gcLjhxXG9MHZztOe9gU90AZrw/KPSTh+N4lFPLSx08kTxA3U4FwFja4utWNFOS6PUVR8n7KUkxFPVV8Ed9gJr2+IXLZ+6A4cKwCqxTB8WnlfTMMjoqgNIc0bmxFrFWrQdJ2W63DhXR/O4oNt5qdzOPBSWPVDMay5VULn/ADMVsDmR9a06rOFgdPEJTtJ1di2waOJY5FaUJrR3IjW2WgrDNS2oTUQJiCAojChApbCgAzUQITURpQMIDsiMKG3wRG+SACNKW1DaERqACsCBjFfHhWD1eIyuDWwQufc94Gw+Nkdncqo6d81tiqaPK9K+51tnrbdw3YzzJsdlfpsLzZFFGfVZ1gxObOJq2sq5HRy6btLT2xxJG5+JKYS0tBUxz0GJimlpdF3wzMLg3fiO48dwkisja9jWkGUgA6hfZIlbK8yPjuRKztW4nf8AyXrIrimeIcudy7K0zVlKCmkdPhEzmQucAyGd2oEeD/PkfiuexLIuZKeqihnwutdJNS/PGRQWkIhtfWdNyB5q2K6jkxaOPCmRtM9VVsp4Rbfjvt5AldLHL1dfXbPqcRxCv+aUccEhbDHT04DWG9r6Gki+3EEcVzdXpcXqJJVZ3NBrc3ouUndHnCowWpoXN+c4XXRvcNTRLC8HzsQntJgmN1WkUuCV8l+FoSB+K9KOwijfUwUr55aiWk+kdPK/U9777u8L2tbuandRBE57pJbGOPg4nfZVx0GP5J5PquRdRR5xjyXmt7A84Q6Np3HWSNB+HFSWHdG2aqyYMENLFfiS8nSPHZX7TxMqYgYy0C2zTbZTOV8EM1S4PcSzytcDhZWPSYIK2Ur6hqckko1/YpjKnQlW1dc1uMV16cOHWOpuzp4bXc03PHghdMWVcs5XosLwPBcNb88qS6sqamoe58ogadLWAnYFzjvYcGr1M7CWxYVKQyw6sjusF5w+UcSzpWnbPG0Qtw2mZS3G2ntFxH/Pqus0PTlNRiqRubyxg5TlbO+6If8ARsZbp30dBhtHOGgSONMNX/utv5qx4oOvc3TXsLQAS1oH5qhOhqrikkq6SokjcGxXiY7bV2jcD/LxV6U1JAzq3MLrPaCQ07jwVeqjslwLSy3x5JljTTF7ppi5pG2loCj6qusD1UMj9+LlKvmY6muGBzgNgVGzzamuaBueI8Vgi22b5JJcFaZ6qah1DFEynDA+sgaCbC15Wi6H0a4bE7NrXRxQOZFJLM57N72JDfrHw4BNekWrllxGkwqlcY5qiUvBB9ksa5zT/wC4D4Kc6H4JaWvnpZah84jpRu5+qztVib+K05m44nTM2BKWaNryWU7ikrCQfFYuKdwSeJWLDxWkhmnHdZdactIAI0orUJqIFIAjeCWCggojSgQQnZN5ijOOybzFDGioulM6c2sP8Bn5qGpXWlBPeprpU/2riJ507PUqChI6xu9hdcXVLmR3NN7Ik9TO7Pu4JZcm8JHV38FsyW3XGmjfEbTOHzgjwCQ51kObW6oLmNLth4BAlbOX7ysYO5oufxSUS2xzrThjwQDfkk0cEDmgPZrdfi43TcEM2HAbJ0Rux61+43QMTOqIC5AvyQ2S2I34FIrJLx8eaklyIFCGg30j3p22Q6SmDJOKI2XYptWA4nlsPzUTjEl6c7/VTmpl7AUXi0gNMbdyaQiKwh20R48VefRXJfLQ++cqGwh3YjHiVd3RRJfLhHdO5d/S+842t/hnetdsqRzrvmzEL8Ot/IK52O2VM54Ns0133n5LZm6RzIdkQAsFwfNJY7c3RBcniLKgsNuta5Wg5obst35XQH7OTAcQydrYp2ZwzSTsAo2MkSAngU9a5vNu/ipJiZVfSTg1Xi+ZJKykYXR6Q3ccbLk35cxaLf5u7bmDZehvm0Eg1OhYdu5ajw2keTqibw4BTU5LgW2LKky3jdRgM+HQxVEofTTCZ4c8kdZtY2PdwC9rZGqjimUKXE6mbVNUQh75ncTdeGs9UbqDNVbANgJdTfI7hepOgjMv6Z6GWxNf+tYdIIZB4DdvuRp8zk5JlebGlTR0IdsitJ7k3aUZhW8zhQURpQmlLCYBQUppQhxS2oEGYUUIDSiNN0AHZt37orE3YbIzCgAzURoQ2pY4IGHjvqAA3Xm6avwmbHcSqcegqvn0k8l5S3VoGo7NH57r0lEbOBtffgvMtVmNvzuWKrw8SF0jy5rm2Iu48D4fkup9Mi25V+Dj/V5KMY3+f2EVWCU9Seswqvp5ySbWfZw2vYg8/JQ0P6ZZK+IwSM03HaG9rb2U5VQ4FiszTS1DqKrbv226Rq81Gx4ljWFCWmmcJo230OPbHHj+K7sZSarz+eDzkoxu/wDHJ0XRfRx1GMNxCZjS+kMmkONrPfZgPuGtdDRytGL1GIO6gGRohhAb2msBO4PIOcXE+5ROTa99XhdZP1UEUrqlou0EB3Ycd+7mU5lpJKmuoXMpIpJWwNDXkkNbYO42WLInLK7OhikoYVtA4TioqMQq2tEkzr6dQbZg7TiR57o1UYQ55lmZZ4cdA4bqHwbDcYbNXmlmjLXuIBkcX6fIDh/kj0WUMxVtVaescWggv0w2ba21yfD1WmoxdtmR75cJWTVA+FxY4usxxDRbYklWPkenhEDzGHFxfu4rhMHyrS0D5G1+LkuHssDtRFvAbBdnlaSkZI+lidUSAO9qWS1/IDksOqkpRaizoaKDhJOSOtlEgYWlzS3gQRsQqg6asgMzlQxQyTMpcUogTQVRaSHtJF4323LeF+YtqFwXBW/T0VE52qVzt9rB5UTj+DYe+NwjmqmuaQbtkJseVr8wuXCVSOzJfaeOX0ON5PxXqcUbJQ1sVnMBGpsjb+0xw2e3xCtjLeep6ughko5GiUkCVsnBv5967DOGCVNdRvpsQpocUoyC9rgxofGbcSw2BuRuWlh81VeLdH7mVpqMvYmRO1l3Uc7Xam7cL21W9xHiumpxyRqaOZLHKErgy88CxttXSsEgHWWuSFldKWl0u5s4ny2VSYBj+JYUyNldh0rJY3WMgu+Ikd7hcDlsVP4jmcSUstQakOBFtLT/AN+Kxf8AFanx0af+UtlPs5msrJKnpNBDPo4XMBsCbERSP/y2XRdFFbXVudMQMErI6WMyQ1MTorkiJxaCHX21Ejbw5rn8jfrGF1OLyg9dWzOmhb9ZrHXYw777t1Hy812HQZAPmuM1xN3T10unhs3rH+tgqtW0oP8AsXaOLeRX8llErV1px2WlyDtGErV0kndaugYriVviUi4ulg7IELGyVe6GCSLpQTAXdKBPIod1sGyYgpcgTORL7JvM5IaKn6VN81xXP/p22+JUDTPtKw321c1OdKbr5niNuFM31K52n7UzQCAuNqe5Hc038OJOh5DLX48QkF/ehh46sG+5Q3P3O640uzox6MmeW8OYQI3EvJKTNJqKQ19jxSSJklSzBjrk7pk+S5vyuUN81hseSbtkvE0800heR31iTUSXZa6bmTe10KaTsceamkIO19h3LXWbJl1p08VnW9g+SlQmFmm5HuUZicp+buHhZFkkJCYYk/6Bx8FJRE2N8Id9HErp6JZP5AkH8cqkMJd+rxm6uXolf/Ikv359F2tP7zj6vnGWLG7ZU9no6c01v2h6K24ndlVBn4n/AEprftD0WzL0jmw7IhrgfclMfe4TUOA58URp7nbKgsDmwF0rZzeCbl44JbCb3vsmhBA3cdyesDXNBATNrmixunDJByUhD2IkMsUakLTd43N7JtC5riA52m/O17JwIZIYTI20kRd7TeXmOIUI58UpbVJWWy0+WMdzi6Kt6aKPq8Zpq4N2niAJ7y02/wAl0PyZMwtw3NVVl+pl0U+LxGNlzsJQLs/Hb3ofTFRuny5DVNFzBLbhyI/6Kr8Lq5qSpp6+mkLJqd4e1wO4sdiot+nlsra3Ro9oNKKw7rFi7BhCtOyWFixACmndLaVixABGna6I1YsTEFadkVixYgAzN+aI1YsSGOKc9tvmF5xZWwYhiVVRV9DFMGzv0yA6XDtkcVixdP6cuJv9P3OR9VfsX6/sSGM5SphSunp6uaMCx0OAdt3X2VZ1Eb4ah8LZXe29txtwH/VYsXY0WSU4vczh63FDHJbVR3fRM81ODyCQusahoIB59U7fzXf4lIaCCeqZuI47tZwA0gf5rFizZOctGnHxhs57L+ZXwUdTTsoKcTB4JmG177ezy2ChcUzXjFZeJ1QWMsRZuwWLFux4oW3Rz82adJXwNsMxeenfdwdKd73ed1PUWZa2nqRPAyNgIADNyBtf8lixUZ0rNGlbOvkzlijCCxsTezr4fgh1eNYxXxhz8RliaYy4tjAHPvWLFzo4490dWWSXVkZN89c+RjsVrnBgaO1JfVfvXL43VV0EraY1ZqI2zOjHzhoeQL8iLEe4rFi0YordVGfLJqN2c1iOacXw9jmMlZOyPtaJm6r72tq9u3/MuewfOEmIY3orqETwyh4dE6XU32d/aBPf8VixW5McYq0ivDOU+JM7jJ1cZsuQT9WOtfOHOcTfi1lgO5oGwHJdf0GADCcSAFrVcg8/pJAsWLz2Vt4bZ6HGktTSLGWisWLCdEG4m61fZYsQgMHFLvZYsTELCwFYsTA2CtgkrFiAFpvOd1ixAIqXpUNsxxf8OPUrl4CesaVixcTU9y/qd3TeyJLhxMd0BzjusWLjHSj0ALjqskvcblYsTJAnOOnjyQmOOkeSxYpCNvcbpEjj1Z81ixSRFjQvIWajoPksWK0iCLjwTOu3hIWLExDLCv6MzzKuHokP8jz/AH/5LFi6uD3nK1X8MsKIkAKoOkF5bmest3j0WLFsy9I5sOzmxISUaJ50+axYqSw2OySL3RWvIYbLFikIcUTOuIBdZOWtG9uRWLFw/qGSe9xvg730/FBY1KuTBK4OsL+d1M4UDJ2XOPs8lixY4cNNGzL0QWdYmz5YxCF/BsRcPMG4VDUhIlezkDZYsXosnO1nl6rcj//Z\" alt=\"\" data-rotate=\"\" data-proportion=\"true\" data-size=\"437px,291px\" data-align=\"none\" data-file-name=\"차차무.jpg\" data-file-size=\"40680\" data-origin=\",\"></figure></div><p>차차무무&nbsp; &nbsp; &nbsp;&nbsp;차차무무&nbsp; &nbsp; &nbsp;&nbsp;차차무무&nbsp; &nbsp; &nbsp;&nbsp;차차무무&nbsp; &nbsp; &nbsp;&nbsp;차차무무&nbsp; &nbsp; &nbsp;&nbsp;차차무무&nbsp; &nbsp; &nbsp;&nbsp;차차무무&nbsp; &nbsp; &nbsp;&nbsp;차차무무&nbsp; &nbsp; &nbsp;&nbsp;차차무무&nbsp; &nbsp; &nbsp;&nbsp;차차무무&nbsp; &nbsp; &nbsp;&nbsp;차차무무&nbsp; &nbsp; &nbsp;&nbsp;차차무무&nbsp; &nbsp; &nbsp;&nbsp;차차무무&nbsp; &nbsp; &nbsp;&nbsp;차차무무&nbsp; &nbsp; &nbsp;&nbsp;차차무무&nbsp; &nbsp; &nbsp;&nbsp;차차무무&nbsp; &nbsp; &nbsp;&nbsp;차차무무&nbsp; &nbsp; &nbsp;&nbsp;차차무무&nbsp; &nbsp; &nbsp;&nbsp;차차무무&nbsp; &nbsp; &nbsp;&nbsp;차차무무&nbsp; &nbsp; &nbsp;&nbsp;차차무무&nbsp; &nbsp; &nbsp;&nbsp;차차무무&nbsp; &nbsp; &nbsp;&nbsp;차차무무&nbsp; &nbsp; &nbsp;&nbsp;</p>','https://storage.googleapis.com/download/storage/v1/b/carrot_box555/o/img%2F1600de32-c24d-4bc5-84e1-94b08678dff0-%EC%95%84%ED%94%88%EC%B0%A8%EB%AC%B4%EC%8B%9D.jpg?generation=1680759729821259&alt=media',0,0,'중앙 보훈 병원',30,'입원비/수술비/의약품'),
(58,101,35,0,2000000,'2023-04-06 05:43:29','2023-04-27 14:30:00','팔다쳐서 조울해진 구강암환자','<div class=\"se-component se-image-container __se__float-none\" contenteditable=\"false\"><figure><img src=\"data:image/jpeg;base64,/9j/4AAQSkZJRgABAQABLAEsAAD/4RbhRXhpZgAASUkqAOYUAAD/2P/tAAxBZG9iZV9DTQAB/+4ADkFkb2JlAGSAAAAAAf/bAIQADAgICAkIDAkJDBELCgsRFQ8MDA8VGBMTFRMTGBEMDAwMDAwRDAwMDAwMDAwMDAwMDAwMDAwMDAwMDAwMDAwMDAENCwsNDg0QDg4QFA4ODhQUDg4ODhQRDAwMDAwREQwMDAwMDBEMDAwMDAwMDAwMDAwMDAwMDAwMDAwMDAwMDAwM/8AAEQgAawCgAwEiAAIRAQMRAf/dAAQACv/EAT8AAAEFAQEBAQEBAAAAAAAAAAMAAQIEBQYHCAkKCwEAAQUBAQEBAQEAAAAAAAAAAQACAwQFBgcICQoLEAABBAEDAgQCBQcGCAUDDDMBAAIRAwQhEjEFQVFhEyJxgTIGFJGhsUIjJBVSwWIzNHKC0UMHJZJT8OHxY3M1FqKygyZEk1RkRcKjdDYX0lXiZfKzhMPTdePzRieUpIW0lcTU5PSltcXV5fVWZnaGlqa2xtbm9jdHV2d3h5ent8fX5/cRAAICAQIEBAMEBQYHBwYFNQEAAhEDITESBEFRYXEiEwUygZEUobFCI8FS0fAzJGLhcoKSQ1MVY3M08SUGFqKygwcmNcLSRJNUoxdkRVU2dGXi8rOEw9N14/NGlKSFtJXE1OT0pbXF1eX1VmZ2hpamtsbW5vYnN0dXZ3eHl6e3x//aAAwDAQACEQMRAD8Al9bnUjMoDzFpoHp6AggWP31/1nexZWQW1mmppfYzbvp3kBrSHON/o/vt3t967XJ6Vh51rLMqqu41iGeo1zo13fQ9Rlf0lboxKqWhlX6NrZ2tqaysCdXbfTZubu/roGJJ3SJgRrhs9/8AvUfRgf2RhyIPo1yP7A8YV0NTMYGzEmTJLiXEn+s8uciTWwbrHBjf3nEAfe5PGgYzuu1ikQ1oJc5rQ0w4kgAHwcT9FY3W+s1tDen4Fw+0Wtdbfew6U0s+k4uE++383+ouXrdbmYxyWMuvxWunbeS0GJ3XM1/nEDIDddGEpbC30PYQdQptC4jon1mb03MZg3uc/plxArc4y6hzjtDh/wAFu9mRT/6EVf4Rdq21u8t7gwQiDaCK3aXUG/rR/qt/Iq0aq7nCcgn+S1VtuqYd1wRlqdg1HxUiEgOPimlLx2Oz3Xf8Y78qlZi0XNPq1td4EjUfBw9yNiVkuyP+NcjsqIadFQN8Rb3Rx7OmEa02uHg1/uHydpYp19R61gjVxtqbyHfpWx/ai9i020yOFXy6YqsPg2U+OSQWmESz6jmZWR9XLsqitrMkloDJ9ulzK36u2/mLJJAdO5zvAkrUymOH1Uytk7xuLNvO71m+n/0lQLO5AB7jwPdWQdA1ZCiQ1r99l+PabXtZUXbmFx2O3N9u/c7Z7VZbjZLjAZHx0QbzVVkYlloa5m+xoreWgElk+pNv6P2NY76f+kVinq3SMOltT8ylu0khrXb9oLi5tTdv5tTXemnAWtL/AP/Q631KqazZc4V1t+k48DsgWde6TSSDa55adp2NcQDG7buIaz/pKHVy5vR8t7G73sr3Mb4kFpC4+npbBk04ttu7IeJeGfmzFlnqu3Dc7f7U2ciNqXY4CW96mnu8LqNWXca663NaGteHOjUOJZ7QCfoQp9Ur34Yb2NjJ8tSJ1/lLn/qZn4+TlZtVT3vdW6t8vII2uPpfofzm1+pX9D/ri6PqLg3E1JAL2tIEe6Z/R6/S3J8dQL0tjmOEkDWni+p0XWdYFDC6lmVjtc+yJipkttYzaNzrfUf76/5zetw5OLX09uNRW4srIqewtIcwwXfpK6m32+ptb/M+n6v+k9NNk4tFgbkjR1T3O9zSLCSBW6pwZ7dz6nNb/YQ7XGqhtPTqqMZrHNdXZYSyHt9z3Mxqav03tco80eGdb6Bs8pLjx8W2p2/B5zrPS3GMvGDq22Ha6l7CCR+c/wBM7bK7FvYPXcGh9bb82oPc1sg2Bzydo/MZNm7/AK2pdSyKnYzsvJP6Jo1huwmI3Qw/RXm1WQ11vVswhwbfW5/p0u9J2316NjvU22Nb9BNxk6+CuYiND1L7Sbq8lteRU4Pqtra+t44c0iWuCGQq3QDv+r3SnTM4VEnz2BXHNTzuwBEQkBx8VMhNHHxCCXnum0l/2kgcXOWhVguNZJ7yVDoLNMr/AI4/kC2mMAqHwM/iq8YA6lnnMgkObV0yRHyVbP6W0VODjDS9lbyfBxa13/VLfrNfqCsOG8bpZ39pDH6fyXPYqXXhHS8sjkMLgfBwEtd/ZhOMIgXS0TJI1eU64yPqZ1LboG7i0jwGQwt2rOwcqvPxWZVUe8fpG/uvH84xy2OttJ+pXUSTJNJcSeSTZW4lcJ9X8b7Vh9ZYGlzrMUMp/wCMD2XafyttOz/rikAuPkxy3Pmx+sXUGZeVXVQd+PjSC8cOe7+cLT+41o2I3TvqzbndNGbi78p03etTQGzQ2rZ6d+S6XezI3WemzZX/ADP+EWOy4NxywcOIMLs/qTb1ejo3VP2XXQTdUbMyy/lmPW2xu6lsjdY9/rfS/R/o1IBQWEv/0en6g21/Tb2Ugm1zfYACSTLdNrVz+N0bI2P24F1dllkuse3Z7YIfu9Qt32bvzl0zWte3a8bh4FFZRjjipn+aD+VCUBI34UmOQxFDvxPM/Uzomf0nOybM4VVtvZXXS1tjHuJbZv1rre9zf0a6PrLy3A0DXTY0FrhIIhx/grLA0fRaG/AAfkWd9Zur4/R+kvzLhVZa0j7Jj2jcLLx/NbWB9ftp/nrn/mVJ4G3VZI3Z2eY+tfXsXA6Pk4GPmf5Taz0w2qXvY4lv2j1bG+yl2z1We9/q1rN+rH1tz8rGdi2YgzcrFq/RWCN762wybBY4bvT/AMM/+2uWcLLg4lwLrS51jnCSS4kvd/WduVe6uuvZSxocYhoPJTso4zZoLeXJxCgSe7v/AFo6/l5D205kU17RGNWQXR+89rHObX/1z9J/wSw2A23+s1pa0NAa1wA4nVPi4J9Rp2m257g1jGCZcTtYytg+k9zvoI2wtrG4wTq6PEpsYCIXzmZG3e6J9d+s9JeyvKcc/AGj8d597Gj/ALh3bdzHN/0T/wBC/wDkfTXp1V1ORTXfQ7fTexttT+NzHgWVuj+q5eHHdu04XrX1Xdt+rXSvD7Kz/vybkoJi65CiRqPiPypw6U/h8R+VMS5nQiAMye15/IrOd1DDxKCX5P2exxADySQ2T/OOZ7m+3+qqXSHaZevNpKzetZXTqLmWdRpfl4zbB6lLTBdAdsb+b7W2bXKsZHSI6mmyIxsmV8I1NeDp/VHPdntzMm3Ofl5j7iLWloZVWwEin7Pj/wDdljfWuv8A+t/4NaPWw49LzASDFTjMR+auO+r/AFBrvrWy/pWO7D6Tk+nj3VEixrXllzm1+2XUPvfXvr/M/lrr+t2t/Z2Tu+htBd8ARuUkj6TawxgJR4CTAgSHF8/+HwuU+mvI+rd9Vrd9b6iHNPcbmnssHFwcTDDm4tTaQ4gu2zqRxyV1Bh/Rctw4LbCJ8CQ7ssCE7sxE2T5uV1rAw29Jy7WY9TLAyQ9rGh0zzuAT/U6jMyehZ1XTMluLfQzKf1Ka9zrsd7aTi0Ntc07f5rN/4v1P+EVrrLZ6Nmf8WVD6k437Q6Pm4YvyMP7IMnIfZSQ1lzbGY7fs1rvz21fZ/wBLX/w6fDYrZP8A/9LrKyjsKBWjsTljKy+jGpsycmwVY9LTZba7hrW/ScvIPrD1/K+sHUjk2e1gHp4mMDpVVO5od/wtn85k2/nv/wCDZWur/wAZ+XkNxundPYSMfJdbde0cPNXpsoY/95tbrH27P7a4av8ARODmhkgOaNwkQ4bT+77vzmfy04BBK/ouaGhzg6eYBCZuPS20vBduI288f5w9qhXYWTuebANfULif876X/QSGZTY6WuLiOGgGP+ntR0UmZY+vbbWSx5BhwJBAeC1zdP5DnVqu5zuOw4Sde0AtnXsO/wA9soe/Te4wB4oEpAZudtYXHmCR/evYulUCjo/T6AC308Wlu1w2uB9Nrnbm/mu3FeKWPc+Rwwx7vD+U7+SvebWhri1sAN9oA0EDQbf5KiydF8WLGlF2mBp3Co2zvaSXQA4mDrpH0U1EOsZkMcdtjnNa0ucS0tnc1zSS3c1NA0J7IlOiBV3/AOitLox0v/lWH+KtZHTMLNaRkNLmn6TQYBHgVQ6I8+i4nkmT97lqsdoR4Sqhq25r0RdM6L03pJtOAx1Qu272lxcNJ27N30fpKfVbP1LJb41O/IUXfICq9TI+y3/8U78hRMtCjUyuRJPc6oOlj/sVcPChw+4BZIC2ulj/ALGbB4VWD/ohY4Cn6DyYJfMfNqdXb/kbM/4oql9TaOm5mJkY/VdtePjDIvxLHW+nvvezFbbTtkep6bKaH/8AXVo9UE9Izf8AiXfkWT9UcnpmPTknrFTLsYtuGG1zdzhklmP6nu/we6ptXvT4bFjk/wD/0+sr4R2KuxGaU5Y431z+r2R13plQwiPtuE91lNbiGixrwGW0eo/2VP8AZXZU9/6P2Lgs/wCp31g6Z06zqfUcWtmPTt9X9PW943OFTP0de/6T3tXrbSsH/GAf+xW0TG7JxxHjDnOj/o7k4Xsh8oGW5/0aTtb2mD921Mci6Q5uM2QTPqhtjSCC0ywhHOkhMSESPFQOtgNR9F7i128NDdWsAgD+yovpuc4Gw7gNB4BXP4KL9Gz5j8qFBNln0rCfldSwsNgbvvyKq6y/Vsl7fp/vM/kr224hz3uHDnEj5leG+pYwiyoltlZD6yNIc072On+s1e3U5LMuirLZ9DJrZc2PCxot/wC/qPINl0SitDtCAT7XAad/zUOjHv8AtHr2BuriXbZEz7d0Qr4OikO3xTQSAQOqpQEiCf0Xl+ll7aztMamZE8OetJjz3MzrK5/J63i9Fq9TJa5zbb3M9hEgBz9zod9Pn6DVqYPV+m5Vpx6Lg6whzq59oeWn9JVQ5389dV/OWMr/AMGqMoysmjX8G7Y2vX+LfLtoB1+ZQMxwfTaCOayO/gVZIG0fJBy2j7PaR+4fyFNN0kbseja/Vi3/AIu3/qAshp0Wt0PX6sXD+RaP+gFjsOiudI+TVl80vNbLDHYGS2wSw1P3DyjVch0Xr3UekF78J1Z9Vha9lzPUb7g0Oc1hLdr/ANGxdfka4WUP+At/6hyq/VXp2M/oLbLvqy3rDJcft4fXvMhr3VbHfpv0G70/+oUkOrHLxf/U6tqK1BaitT2NM1c3/jGLh0CiD7ftlYd/21kbP+kujao5vTcLquK7Az6/Ux7iJ5DmuH0Lqnj3Mur/ADEhoVPiTj7kk+XTfi5l+Jc0h9Nj6+Q76LnM3bme127b9Nn6NVnWvbp3TygNiI5Q3vBIaOZGnwMoAa90uLwyfP5pMqDvaywuJ5FcuJ/zdyalO6wMG55AA8f9kr2XpOFZ03pWH0+2wXWYtTa3WAEAnV3tDvdsZu9Nm9ebfUXouTZ9ZcXIdjO+z4Rdfc+1ha0FrXNp/nAN132h9Pp/9uL1PlRzPRfFm0qY7fEITSiDt8U1Lx7un4Oe+yvNqFzGXPc1riRB3Pb+bC1GCouALWkVO3VAgex23Zvq/cdsds9qz6T+sXDgC2z/AKt6MLtr3fFZ+QniIb0RYt0i8emJ7Qh5b/1ez+ofyFVH5X6P7kO/LBpcJ5aQm3onh1bvQTP1buH8m3/z2FitDiNCtb6vOn6v5A8Bb/57Cxq7YaO+ivjaPk05/NLzSWC37PkTBb6Ns/5j0/1FyPrDT9Xp6Zh42Xgse8l1thrsDzXW7Kb9L6P7iZ1k49/nVYP+g5R+ouP9Yrvq4+7pObjVYzXPacW+vc71PSrFz2WNG/8ATfmJ8Nixyf/V6lhRWlAYitT2NsMUOoZb8LAuya27rGANrB43vIrre+P8Gxzt707FU+sMfsW7dG3fVMz/AKRv+j9/+ajGrF7Xr5LZXwnh3o15vGW4LOoluPbUHBhJNhGg2gvftvq/0v8Ao2PUGfVfoDCJ3GTt2+sQAR9Lb9B9nuVzFj9sujds9Mx6k8QP53d+m/q71dx/X+1N2ejt3Hd9n9L1/pd/V9+3/i1enwcXq4br9KnPx+5wejiqz8vEi6n9UsTB6GL+l4jLs71KbHz+kea2n1HMq9Y2fSd6e+pn89X+jW70nq+JmYpdiWbHCPUYwCotP51bmM/ccrTftH7L09eI/O9COfz93uXJZfq/b7eI2j+a9P1ojX1f+D/74oJAUeIga6V/Y2QTpQJ0/S/9Cdr6v3C851+pdZY07jP0f0npgud9J239J/bWqSsn6uf0W740ccfzFX0VqH5qrk+ctrF8gZtRA7T5oQTpq55Rr9uVk/8AG2f9W5MXTZBMAnVQd/Ssnn+cf/1bkN3J5Wdk+cuhD5QlfcCwgoN2QBWR5H8iE76PdAt+geeCgKXPQ/VqyeiZLf8AjPxqCx2OG0fBaX1Y/wCSMnn8/wD89BZDJ2jngeCvDYeTRl80vNssBduaTo4QY8D7SqvTqsT6udc6Zl48sxb7XY+UHOJHub6VT3T+ZW6z1P7CsV/NVPrN/wAm1TE+s3n6X0bP9X/8GkDK6ET59EER4bMhf7r/AP/ZACIAmoIFAAEAAAC8FgAAnYIFAAEAAAC0FgAAIogDAAEAAAABAAAAJ4gDAAEAAACgAAAAMIgDAAEAAAACAAAAMogEAAEAAACgAAAAAJAHAAQAAAAwMjMwA5ACABQAAAA6FgAABJACABQAAAAmFgAAAZIKAAEAAACsFgAAApIFAAEAAACkFgAAA5IKAAEAAACcFgAABJIKAAEAAACUFgAABZIFAAEAAACMFgAAB5IDAAEAAAAFAAAACJIDAAEAAAAAAAAACZIDAAEAAAANAAAACpIFAAEAAACEFgAAAaADAAEAAAABAAAAAqAEAAEAAAC4CwAAA6AEAAEAAADQBwAAAKMHAAEAAAADAAAAAaMHAAEAAAABAAAAAaQDAAEAAAAAAAAAAqQDAAEAAAABAAAAA6QDAAEAAAABAAAABKQFAAEAAAB8FgAABaQDAAEAAAA0AAAABqQDAAEAAAAAAAAACKQDAAEAAAAAAAAACaQDAAEAAAAAAAAACqQDAAEAAAAAAAAAMqQFAAQAAADIFQAANKQCAB4AAAAIFgAAAAAAAAkADgECACAAAADoFQAADwECAAUAAADUFgAAEAECAAoAAABiFgAAGgEFAAEAAADMFgAAGwEFAAEAAADEFgAAKAEDAAEAAAABAAAAMQECACEAAACmFQAAMgECABQAAABOFgAAaYcEAAEAAABIEwAAWBUAAAYAAwEDAAEAAAAGAAAAGgEFAAEAAAB0FgAAGwEFAAEAAABsFgAAKAEDAAEAAAACAAAAAQIEAAEAAAAIAAAAAgIEAAEAAAA/EwAAAAAAAEFkb2JlIFBob3Rvc2hvcCAyNC4yIChNYWNpbnRvc2gpAABeAQAACgAAAF4BAAAKAAAAe3AAAIE+AAB7cAAAgT4AACAgICAgICAgICAgICAgICAgICAgICAgICAgICAgICAAU29ueSBGRSAzNW1tIEYxLjggKFNFTDM1RjE4RikAMjAyNDowMjoxMCAwOTowMDozMAAyMDI0OjAyOjEwIDA5OjAwOjMwADIwMjM6MDM6MjQgMTE6MzE6NDUASUxDRS03Uk00AEgAAAABAAAASAAAAAEAAAAQAAAAEAAAAF4BAAAKAAAAsgEAAAABAAAAAAAACgAAALQiAAAACgAA+uAZAEBCDwAYSmoAQEIPABIAAAAKAAAAAQAAAH0AAAAsAQAAAQAAACwBAAABAAAAU09OWQD/4gxYSUNDX1BST0ZJTEUAAQEAAAxITGlubwIQAABtbnRyUkdCIFhZWiAHzgACAAkABgAxAABhY3NwTVNGVAAAAABJRUMgc1JHQgAAAAAAAAAAAAAAAAAA9tYAAQAAAADTLUhQICAAAAAAAAAAAAAAAAAAAAAAAAAAAAAAAAAAAAAAAAAAAAAAAAAAAAAAAAAAAAAAABFjcHJ0AAABUAAAADNkZXNjAAABhAAAAGx3dHB0AAAB8AAAABRia3B0AAACBAAAABRyWFlaAAACGAAAABRnWFlaAAACLAAAABRiWFlaAAACQAAAABRkbW5kAAACVAAAAHBkbWRkAAACxAAAAIh2dWVkAAADTAAAAIZ2aWV3AAAD1AAAACRsdW1pAAAD+AAAABRtZWFzAAAEDAAAACR0ZWNoAAAEMAAAAAxyVFJDAAAEPAAACAxnVFJDAAAEPAAACAxiVFJDAAAEPAAACAx0ZXh0AAAAAENvcHlyaWdodCAoYykgMTk5OCBIZXdsZXR0LVBhY2thcmQgQ29tcGFueQAAZGVzYwAAAAAAAAASc1JHQiBJRUM2MTk2Ni0yLjEAAAAAAAAAAAAAABJzUkdCIElFQzYxOTY2LTIuMQAAAAAAAAAAAAAAAAAAAAAAAAAAAAAAAAAAAAAAAAAAAAAAAAAAAAAAAAAAAAAAAAAAWFlaIAAAAAAAAPNRAAEAAAABFsxYWVogAAAAAAAAAAAAAAAAAAAAAFhZWiAAAAAAAABvogAAOPUAAAOQWFlaIAAAAAAAAGKZAAC3hQAAGNpYWVogAAAAAAAAJKAAAA+EAAC2z2Rlc2MAAAAAAAAAFklFQyBodHRwOi8vd3d3LmllYy5jaAAAAAAAAAAAAAAAFklFQyBodHRwOi8vd3d3LmllYy5jaAAAAAAAAAAAAAAAAAAAAAAAAAAAAAAAAAAAAAAAAAAAAAAAAAAAAAAAAAAAAABkZXNjAAAAAAAAAC5JRUMgNjE5NjYtMi4xIERlZmF1bHQgUkdCIGNvbG91ciBzcGFjZSAtIHNSR0IAAAAAAAAAAAAAAC5JRUMgNjE5NjYtMi4xIERlZmF1bHQgUkdCIGNvbG91ciBzcGFjZSAtIHNSR0IAAAAAAAAAAAAAAAAAAAAAAAAAAAAAZGVzYwAAAAAAAAAsUmVmZXJlbmNlIFZpZXdpbmcgQ29uZGl0aW9uIGluIElFQzYxOTY2LTIuMQAAAAAAAAAAAAAALFJlZmVyZW5jZSBWaWV3aW5nIENvbmRpdGlvbiBpbiBJRUM2MTk2Ni0yLjEAAAAAAAAAAAAAAAAAAAAAAAAAAAAAAAAAAHZpZXcAAAAAABOk/gAUXy4AEM8UAAPtzAAEEwsAA1yeAAAAAVhZWiAAAAAAAEwJVgBQAAAAVx/nbWVhcwAAAAAAAAABAAAAAAAAAAAAAAAAAAAAAAAAAo8AAAACc2lnIAAAAABDUlQgY3VydgAAAAAAAAQAAAAABQAKAA8AFAAZAB4AIwAoAC0AMgA3ADsAQABFAEoATwBUAFkAXgBjAGgAbQByAHcAfACBAIYAiwCQAJUAmgCfAKQAqQCuALIAtwC8AMEAxgDLANAA1QDbAOAA5QDrAPAA9gD7AQEBBwENARMBGQEfASUBKwEyATgBPgFFAUwBUgFZAWABZwFuAXUBfAGDAYsBkgGaAaEBqQGxAbkBwQHJAdEB2QHhAekB8gH6AgMCDAIUAh0CJgIvAjgCQQJLAlQCXQJnAnECegKEAo4CmAKiAqwCtgLBAssC1QLgAusC9QMAAwsDFgMhAy0DOANDA08DWgNmA3IDfgOKA5YDogOuA7oDxwPTA+AD7AP5BAYEEwQgBC0EOwRIBFUEYwRxBH4EjASaBKgEtgTEBNME4QTwBP4FDQUcBSsFOgVJBVgFZwV3BYYFlgWmBbUFxQXVBeUF9gYGBhYGJwY3BkgGWQZqBnsGjAadBq8GwAbRBuMG9QcHBxkHKwc9B08HYQd0B4YHmQesB78H0gflB/gICwgfCDIIRghaCG4IggiWCKoIvgjSCOcI+wkQCSUJOglPCWQJeQmPCaQJugnPCeUJ+woRCicKPQpUCmoKgQqYCq4KxQrcCvMLCwsiCzkLUQtpC4ALmAuwC8gL4Qv5DBIMKgxDDFwMdQyODKcMwAzZDPMNDQ0mDUANWg10DY4NqQ3DDd4N+A4TDi4OSQ5kDn8Omw62DtIO7g8JDyUPQQ9eD3oPlg+zD88P7BAJECYQQxBhEH4QmxC5ENcQ9RETETERTxFtEYwRqhHJEegSBxImEkUSZBKEEqMSwxLjEwMTIxNDE2MTgxOkE8UT5RQGFCcUSRRqFIsUrRTOFPAVEhU0FVYVeBWbFb0V4BYDFiYWSRZsFo8WshbWFvoXHRdBF2UXiReuF9IX9xgbGEAYZRiKGK8Y1Rj6GSAZRRlrGZEZtxndGgQaKhpRGncanhrFGuwbFBs7G2MbihuyG9ocAhwqHFIcexyjHMwc9R0eHUcdcB2ZHcMd7B4WHkAeah6UHr4e6R8THz4faR+UH78f6iAVIEEgbCCYIMQg8CEcIUghdSGhIc4h+yInIlUigiKvIt0jCiM4I2YjlCPCI/AkHyRNJHwkqyTaJQklOCVoJZclxyX3JicmVyaHJrcm6CcYJ0kneierJ9woDSg/KHEooijUKQYpOClrKZ0p0CoCKjUqaCqbKs8rAis2K2krnSvRLAUsOSxuLKIs1y0MLUEtdi2rLeEuFi5MLoIuty7uLyQvWi+RL8cv/jA1MGwwpDDbMRIxSjGCMbox8jIqMmMymzLUMw0zRjN/M7gz8TQrNGU0njTYNRM1TTWHNcI1/TY3NnI2rjbpNyQ3YDecN9c4FDhQOIw4yDkFOUI5fzm8Ofk6Njp0OrI67zstO2s7qjvoPCc8ZTykPOM9Ij1hPaE94D4gPmA+oD7gPyE/YT+iP+JAI0BkQKZA50EpQWpBrEHuQjBCckK1QvdDOkN9Q8BEA0RHRIpEzkUSRVVFmkXeRiJGZ0arRvBHNUd7R8BIBUhLSJFI10kdSWNJqUnwSjdKfUrESwxLU0uaS+JMKkxyTLpNAk1KTZNN3E4lTm5Ot08AT0lPk0/dUCdQcVC7UQZRUFGbUeZSMVJ8UsdTE1NfU6pT9lRCVI9U21UoVXVVwlYPVlxWqVb3V0RXklfgWC9YfVjLWRpZaVm4WgdaVlqmWvVbRVuVW+VcNVyGXNZdJ114XcleGl5sXr1fD19hX7NgBWBXYKpg/GFPYaJh9WJJYpxi8GNDY5dj62RAZJRk6WU9ZZJl52Y9ZpJm6Gc9Z5Nn6Wg/aJZo7GlDaZpp8WpIap9q92tPa6dr/2xXbK9tCG1gbbluEm5rbsRvHm94b9FwK3CGcOBxOnGVcfByS3KmcwFzXXO4dBR0cHTMdSh1hXXhdj52m3b4d1Z3s3gReG54zHkqeYl553pGeqV7BHtje8J8IXyBfOF9QX2hfgF+Yn7CfyN/hH/lgEeAqIEKgWuBzYIwgpKC9INXg7qEHYSAhOOFR4Wrhg6GcobXhzuHn4gEiGmIzokziZmJ/opkisqLMIuWi/yMY4zKjTGNmI3/jmaOzo82j56QBpBukNaRP5GokhGSepLjk02TtpQglIqU9JVflcmWNJaflwqXdZfgmEyYuJkkmZCZ/JpomtWbQpuvnByciZz3nWSd0p5Anq6fHZ+Ln/qgaaDYoUehtqImopajBqN2o+akVqTHpTilqaYapoum/adup+CoUqjEqTepqaocqo+rAqt1q+msXKzQrUStuK4trqGvFq+LsACwdbDqsWCx1rJLssKzOLOutCW0nLUTtYq2AbZ5tvC3aLfguFm40blKucK6O7q1uy67p7whvJu9Fb2Pvgq+hL7/v3q/9cBwwOzBZ8Hjwl/C28NYw9TEUcTOxUvFyMZGxsPHQce/yD3IvMk6ybnKOMq3yzbLtsw1zLXNNc21zjbOts83z7jQOdC60TzRvtI/0sHTRNPG1EnUy9VO1dHWVdbY11zX4Nhk2OjZbNnx2nba+9uA3AXcit0Q3ZbeHN6i3ynfr+A24L3hROHM4lPi2+Nj4+vkc+T85YTmDeaW5x/nqegy6LzpRunQ6lvq5etw6/vshu0R7ZzuKO6070DvzPBY8OXxcvH/8ozzGfOn9DT0wvVQ9d72bfb794r4Gfio+Tj5x/pX+uf7d/wH/Jj9Kf26/kv+3P9t////2wBDAAUDBAQEAwUEBAQFBQUGBwwIBwcHBw8LCwkMEQ8SEhEPERETFhwXExQaFRERGCEYGh0dHx8fExciJCIeJBweHx7/2wBDAQUFBQcGBw4ICA4eFBEUHh4eHh4eHh4eHh4eHh4eHh4eHh4eHh4eHh4eHh4eHh4eHh4eHh4eHh4eHh4eHh4eHh7/wAARCAF1AjADASIAAhEBAxEB/8QAHQAAAQQDAQEAAAAAAAAAAAAAAwIEBQcAAQYICf/EAFIQAAEDAgQCBwMIBQgIBgEFAAEAAgMEEQUGEiExQQcTIlFhcbEygZEIFCNCcnOhwRUkUmJjJTM0Q1OistEWNTZkdILh8BcmRJKzwieDk6PD8f/EABsBAAIDAQEBAAAAAAAAAAAAAAABAgMEBQYH/8QAMREAAgIBBAEDAwIGAwADAAAAAAECEQMEEiExQRMyUQUiYXHBM0KBkbHwFKHxBiPR/9oADAMBAAIRAxEAPwC47fRnyVPfKAppZMXweRrmCN8Aa6/HYkq4/wCrPkqw6WKSjrc34RBXzGKJ1MxrDyu55B/78VKUnFWiOKKk2mr4f48FV18EUMcNLFG6Etc6R8km2uwFgO/ikyU745YaiaLroJI+re1p3BAIBUrm+lm/Tleymoi6kw+Iwdngxv7VzzJuUPCKKRtHDiD5y6VkrSIhwLHcSR4KiU0nuny3+3ybIxlk2Rh9qjw6+Gua/K45+US2Tc0RYVgMvzuYzS07nMgpySx8jCdnEjYgFRGLVFRi8j6+uqNdTO7tOJ4bbe4KcxzLkBDa6i+iLvbZxbq8u5R2FOpv0bLB1TY5zOYzNrHZbsLDuAN+HG6q9SWTbjk9qXk0avRLSRlmjcm3+L/uMcCjZFWyAiWYlukAW/yVrdALYximMGNjo2nqQWu4gguuqppZWRTVEpkjibG4tcAeFtr991aHydqiGatxZsAcWtbCS8i2o6nclCF+qq/9MmV/Y3Xf/RbeDD9Uqf8Ai5v8SMRuh4N/Rqr/AIuX/EjOG66aMAiy3ZbstgJgaASgFsBKASA0GpTQlAJbWoASGpYCU1qUGoASGrYalhqVpQAPSt6Uuy3ZACAEoBKstgJgaASgFgCUAgDbQitCQ0IjQkASMbjzVf1Y/WpvvHeqsGMbhcFVt/Wpftu9VVlLIACOHksslkcPJZbgqWWg7bpVlshYAogYBsssl22WWQMGRskkIpCQQkAgBKAWAJYHgkM1ZDnH8nV4t/6Z/oj22Q5f6DXf8NJ6KE+mTh7kURngfyrH90PUpOFNJiBRc8MP6ViP8IepWsIFohz2XFz+xHex9kkG9kfFYWAs4cUsbjdYDYgeCxlozqqClqGFs8DJB4jcKFxDKNHUbwyGM8g8ah/mF0x4pbWghWxySj0yEoRl2VxWYHi+GEGF0jmfuHW34HcJtHiE8btFRTarcTHx/wDad1Zk8YIBtzTCtw+lqgBPTxyeJbv8VojqX/Mil4fhnGQ11LMdLZQ1/wCy/YojmnVq/FStflWmlH0EhZ+68ah/moWfBMUo7mLWWj9h2sfA7q+OWEumVyhJdom8KzJjOFkClrpCwf1cnab+K67COklh0sxSjLDzfEbj4FVc2rqGHTPT6rcS3Y/AosdXTynSHhrv2XixV8ckkZ5YoS7RfWF5hwjEwDS1sTnH6hNnfAqTcQRsV55GplnscQR3KawrNeNYcAI6t0sY+pL2h/mrVmT7KZaZr2l0OCQQuMwLpAp6yoipa2kdDLI4ND2HU259F2ux4KxNPozyg49nLZ/kEOEteQSOsAXAOryOEfxU98oWvqsMyJ87pH6JG1DBfwKrbIU8mLYKKqte6SXWQeSKdNkPNHSvxF/7cbfxQhWOc6xke77IRGQQM4RtRQ5rfZAHkEhmQTsG/wA1lkPibJ/BidRGPoqOFni7dMOtW+tTTItAM4ZqzFhuETVVG6Juht7hvBcllHOOYsazA+lr8SkdEItQa3sro8yUr8Swapoo3hrpWWBPBcnkjL9Xh+OTVU8jD1Q6shvPxV0Z/a0yLjyd25oce257/tOJWNYweyAPIIb3pGshVUTHBASbhB6wlZdxUqEelB7Bv3KnPlCipbiuDyRO0sEHaPdu5XJ9Q+SqT5QGHVNW+knhkBbFSt+jHFxLnbjyC2TquSGCTjkTXJw02aauow2uFO6E0swZB1b2dt2wGoHjy8UrLbZxK+Rpc6KWB8Gk8i252/75Lk8RpamD5pIWARNADXNOx3ubrosFklfLFV0WuqmjqNUlOwk9XvYkAcQQeKyZYNPn8nVw5cbg6/H+OToMxYnX1mBSTYTDI6mDWtmla3bVzA8u9cd+j9n3kkv2Cy7jYl23xurd6L8Fr6nBMUoq7DKmKnlnJh62Is1Nd3X9yj5eh/H58Ue6Kvgp6PXraXykuuOB0gcQVZHHvjw6Ks+uuf3q14rx+SvqbDqeKAPkgkDyQbuaeN+fmrb+T/phxbFaLQ0SRw073kcAXOdt+fvTun6JmzUtLDiOPS3hA1GmhDS8i/NxPeeS63JWT8Gyi6U4c6oLpy3rZKiXUXWPuUMOKdqUkVajUY3Fxh5Okwj+j1X/ABcv+JFdxQMFljkp6oxva8fO5d2m49pOFuRzTVt0oBYAlAJgYAlgLAERrUAaaNktoWw1EYLoA01qUGrbrNaXOIAHMqCxPNGG0LnNdVC7Rc7A/wDVOgJ7TYrYaq2bnPGKq9dTVFGyIbto2sDnkfvE947uCfZt6RMPwvC4JaV0clRPCJbONxGD3+PKyAO7st2VDN6T8zOqC+OspWt4tZNEwXH4eq6/KPStSVVU2gzJTMw2Z1tFQxxMLvO+7fPceKXHyOmWVZYAlDS5oc1wc1wuCDcEd62AgQkBKAW1sBAGwiNSQEtqBhIxuFwlY39bm+8d6ld5GNx5rh6wfrk33jvUqrJ0TgNyOCwhLI4LLbKgtAkLYCUfJZZIZlllluy2gBBCQQilIIUWMRZKaFuyU0JAatskPF6SsHfTyeiKRsh/1FUP93k/wlRl0Th2UdncfyhATzi/MpGD7wtR87Amrpvuz6pGBtvC0ea4mb2Heh7iRa29gkvG5Nk6EZaPFCkFhwWMtBBGa244JLGpxE0kWsmIbyN296A4cLp7URkMumrmm4UkCBPbySGxg3JCclq31dvghMTIupoqee4mgY/zChK3LlNM49U4s29l3aH+a610YKaPZol4clZGco9MhKKl2cNVYHiVJd1PqLf3TqHwKj/n9RDMIqimLnXt2Bv8CrGlFwLqBxqBvzylcGguLjfbdacedydMqliSVoY4QP5To3aXMvK02IseKvCnJtxVPaLYzR2H9Y31Vx07dltxMwapU0cH0+4a/FMgy08bwwiZjrnwKrnJ2EvwbCRTulElzqB81bfS2WsyZUOcQBqbx81XFI4PpYnNOoFg3HktCdIx1yFLkgvK3pceS0WOPJKwNFxWtRSuqclCA3G6LChFymeHAmvrbftj0Us2BrWFx5AlcpgmI4zimIVzcJpIow2XS6WTcXHcpx5It0dQyB7uDSitoJXfUKixiuP4C5suOUcNRQk2fPTjePxI7l3FG6Gppo54HNfHI0Oa4cCFLaLcQUeFyn6tk/pcFLvbdZTLIU6hjsFOMRORaX1D5Ln8fyth2PYjDW10tU3qqcwaI5NLXNJO5247roWgObY8CmLsv4bPIZKls89/qvncW/C9lrd+CqLcXaIKjytkLBoWxOosPAZw+cy9Yf7xKmKTGMEpx1eG0rpLcBR0Zt8QAFJ0eE4XS7wYfTRnvEYv8VIsAAsBYdwUVD8CshW4li039FwCp3+tUStjHw3KIIs0T8X4ZRNPcHSuHoFNNSwpUIhBgeITf0zMVa4Hi2nY2IehKUzKuDF2qohmq3d9TO9/4E2U2FtG1CB0tPT0kDYKWCOGJvBjBYBFAWWSgFLoDAEtoWmhEaEAbaERjVuNt0ZrWDi4D3oGJa1La1K1RjmT5BRWbsfp8vZeq8VmYCIWdhrnW1vOzR8fwuhcgcn0r5mdhzf0bRyN63TqmN/ZvwafE8fgqanNdXS9ZLVmAOF/ZJNuRseAPInc8tkePF6vHa6askaZA6QyF7236x54G3jyHcB3qVxRtLl+nMuJ1F6x3ae3XcRk8jvx7z7goTl4RZCJzlRBWQxufSYpJK4fVIsb+fet4G2aSmNbiNQyCdziDI9oe4W2Aa07X535XSRmmGslaRStZHfsyaQA7ytv+KdYzA2toWSQOfGCLtIHM81meXbwzZDTSmrQ/psHw3E4T1NbTVEp3aTH1T3HzB0k/AqNq6F1Jrw+uaDHe297A+PNvmPxUdSTVcNQ4GQdeLaSdmyEcGu8+R4g94XQYjWw43h0Uh1NmI0ML+Nxa8b+Xkfep701aKXjcXTJbo36QK3KVXDg2KyPrcGe/S0l2qWmv+z3jvZzG7eYXoCjqKaspYqulmZPBM0PjkYbtc08CF4wr5yS+lmaC9tw0v2uB9U9xHfy3VidCfSdUYHIMBxwumwxzuxKN307idyRxLTztfvCshkvhlU8flHpDYLYITXr2uaHscHNcLtINwQeYWuu8VaUj0FEbumTJLpzE64QNDqPiFxFaP12fb+sd6rt4uIXGVo/XJvvHepVWQnAbEcPJaIRLLVlSWgiFlksha5qIxNh3LVj3pdlpIBBCSUQhJskMSEtoWrJTR3JAYQhfUqBe14JP8JRze3IoDjZk239U/8AwlRl0Th2Unnb+lUxt/Vn1WsvsJpm+F0vOg/Wabb6jvVEy239WaedyuLm9h3Y9kqIza5QZGX480+0kjcIL473KxFqY2iYAQnUbRa3JJiYLjxTlkakJsb1DLx+9NHNFwpCoHYKaFhD7ngEwQjRsNkvq7tuQnDWXaNkQMAYARyToi2MOrsmlRHcnbkpVzN02qY9r2QFkYWHSDbgoXGYx8/pXD9tdMGXbw5qCx9gFdS8R9IrMT+9BLoaPb/LNJ9431Vw07eyqkkb/K9Jt/WN/wASt6AdldXCcvV9o43ppoG4hkKsp3OczcEFpsQVUnR/VSTYSaKpbaelOh3iORV1dKWluTqouIA24+aojJ73vzRVSxb08sTR7wtC8mJ9nY6VmlG0rWlRGCDUoN3S7LYG6AGOY5JKfL9bNF7TYiQmfRXTshweRrTcueHE95O6npaeOpppKeQXZI0tI81w+V8SqcrV1XhclHNW0jJOzLF2iwcgQrYdUVss2ogiqKOWCZodG9ha4Hhayh+i3rGZbdTuJLIKiSOIn9kHZBbjVTjEJpcMoZ4zILOlkbpDQujwahiwzDoqOLgwbnvPMqxcESRDrIrHlNrojHgcXAeZUkwLZjRmBCYEZi1FIVqI1IYitCANtRAtNCWAgRgC2AlBqU1h7kwE2WwEQMPcldUbXsixiGhEYFoBEYEABqpY6aGWomdpiiYXvNr2A4my5t+fsAD3x04qp3sIBtFoG/D2rLoMbH8j1+1/1d/O3Lv5KrgGxwayAxzyQx8ffckNBtxCqnJroKvzX6nUVefJWUxmgwtjG3t9LI5xuTYDsi2/mqb6aM4Y3j2O0eAuEcbYY2yOihBA1yN2Jue7hfkVYBp21FKyWo1dc+rDAzUbW03cd+J9nfwKpjHp3YnnXEBRO0x1FY9zN+IvpaL8bBrRsPLuUYTk7bJ7a/7LA6O8PipKenqZD1vUj6Bzv6yS1jJY8hy+Kr7pDq5sSx2eKK4jjc5jbnYkHtPPeOPnsuudjkGHvfA2QPbSw27B5tFyPja65XA6SXF8ZAczZxa519yeG3/fMqrLk2RN2lwPJIkuj/J9RXyCoqtekEFrO4DgrSiy62npw0x3HEXCnsoYPDRUTGBl3cwDZTNUyFsbmuNrjuusDi5cs7EJKH2xRTeaMOjjDpWxDUONuK5OunkgqpWXtDVEF9+DJWjZ3vBsfMq1swUQcX9m477Lgcz4KXUrpWNN27m3cjFkcHTHqMKyR3Ls4fHpTM9tczeUERzhx9ojg6/J3K/h4psyaNwD4mgutsCwah36e/3H4JGNSuo5g46u2LPFrh3+aVTsidSsnYA+Pd2kCxFuNvELUvk4k4uLpno/oQzN+mMiRNkk1SUUhguXXJba7b8xxt7l2orm34rzf0PZgmocenpettT18Qs0WA6xvDx4E/EFW3DiMjnbuWyOTgyShyd9BVB31lJ0swdbdcPh1aSQC5dJh9Re26sTsr6Olgdey5KtH65N9471XS0klwCucrB+uTH993qq8nROA3IWiAiELThuqS0E4JFt0Vw3SbKIxK1ZKWrIASQkkJZWlFjE2WwsslAJAZbZBcBaS/8AZu/wlHKE4X1/Yd6FRl0Th2UtnQfTU3dpcPRGyuy9I0eJSM5N7VNvf2vyTzKbA+i5bPK42VfYdtPklhETxQ5IuQT9rCBdadFZZdpLcMGRgWFuScNj7wlxR3KeMhB5bIUbByIyqi+hO3NNGMJupqqhPVcNiUCGm24KSixKQyZEbBHEXZGyeNprm1kdtPccFJQZFzREmLtcE2qYrCwHEKbdTkOOybT0xLh5I2MW8hmR2AuFzeaBpq6Q2/rdl2slMWg7bLkcxxTVOJU0VPC+QtlvsE8cXvRPcqbGZbfFKY9z2+qt2nHZCq6tpJaPHWUs7dMsb2kjzNwrUph2R5LqYVRzdU06aON6a4GS9Htd1kjmNbpcXN47FVbk7DqOmwyGopS5wkZe5Ksj5RL3xdFOKPjcWuGjceap/ocrzV5fdTPeXPgfYXPJaEuGzF5O1sssihqzSoEgVlsN3S9K2GoA3I8Q08kptZjS5VPlHORps118tRG10NQTyvwXedIOItwzKlVLqs97dDfMqhaGYw1TJAd773WjCuyuRdc/SXQQAiMRjwFlF1fSrxEQPuBVVyD6R21rlJ2VySIlgVfSbiMm0Yf6KNnz7jcvB5b/AM3+S5LZbDhdOhH0TjGyOwITAjxhXlQaNpPAJwyMnko99WIWl0k0cTR9ZxAH4pjPmbBopmQyYtC6V4u2NjtbnDwASbSVsaTfR0IY0e04DzKUHwji8HyXA4p0i5foKgU4ZW1Mxv2Y4rcO8k7KJxzpQmoBHJDgBNNJ/Xvn1Ae5o/NVPPjXG5FiwZGm9vRanXxjg1x/BbE7js2MeqqDFM9ZhMLpaWajjiezrYHRRausaD223JNnBOqDF6zEKt3W4jVTQTQdbCHS6W6dBPBtrm/olHUQlLaiWTTTxw3y6LRmrOqH0s8cV9hqcG+qVHLKK2kj1nTIJNQPOwFlScdPE3MdA6eq0RxTxv1PFy8OkLCC4+Jbtx2V1O2xPDr98w/uqxTTk0vBRTSTY+cLOK2wLb/aW2KwBhmEluA4k5hs4Uz7HuNlXVJSUzcJrJy+Vs8ERLIgCQXWNyfAO33VjZia1+A4i14JaadwIHEhcJg9Iz53ieHOeyna8OsABzAt77EKG2MpKyMt21tfgDUEfoPB6rrG/wA8Wlp8QblUtiFBTYPmbGm4fUSVDI5TFHUPaG2aeIb772PvVyYJDFX5fqMLmlFPNTOLw5w3Dm7flv5qk+kts2DY5RtjfJaqLA8n9pxI27x7PDkAouNK/n9jRu3Sau6/foYMlfU1UtJC0EFgZdnAjuHhw+Ctbo6y26jbFNKz6QcDbvC5PovwmM0MddVNJdZxkLuVib+i7CsznPTyfNMHwyesq72Y1kTjYd9lzZ3OX6HdwxWOC/JZ9IJYYuw244G6TPJC2EyVEzI2m+5NrLlMOzBj8ETZ8VoHw3IDw0bD3JGcnVMmFSVcodDBpLyS72tuQCjuivyXxi2zVXj2BVFWaSnrY5phfssO6YYnAHBoZbcqNbmfL+VYJH4dlyeunbCJKiaCIOeRsCSTfs78vgoqDNWI42xkpyxiFHDKCWOeW/iNiPeFGa+3cSi3v2s53NGWGV0UjWixc5wBvw8lW81HjGD1T4BK8xg3DtW9+8+6y9DT4Z+oMmeNL9Ny297Kuc4YYZqoaG2fIAGO7nDl79wlgytOvBRrMCnDclyhr0dsDsSojiOi8kv0JbHpu8A93gd/crajkLXcVWGUpIW4tSUNYwxVEEzXx3PE94HiCfirIc/ew3WnHNts5moxKCi15RN4dU2I3XV4VUXA3XAUs3VHVIdDe92w/FS0ObcuYc0GvzDhNNbiJKyMH4XutuJtmCaSLRw+W4G6iqsfrUv2z6plknM+B5ijmkwPFqXEWU7wyV0DiQwkXAO3cn9SP1mT7R9U8vQYxuQtEIllohUFoF3FJsiEJNtkgEWWrJdlqyBiCEkhEISCEhiUoLFsJAYUhovIR+670KWeCTF/Pgd4PooslHspnOY7VOefa/JP8ms/Uz9o7Jlm8bw3H1nKYyJGXUTgRf6Q/kuPJXE7TdE42IEeKHKzlbZSjKexG1kh1OorGV7xhR05IBtyUiym24J1htJ+rscRbZSLKYXG3JWxw8FUsvJA1tLaDhzC1DS9m9lPVdMDED+8EllPYN24qaxEPV4IuKiu7gjxURJO3MqZhpruG2ycU9KCH7b6irFiRB5Gc5Jh7y72U2qqLTOxpbxC7U0YLQbKHr6e+IRNt9U3TeJISytnOV1Banc8N5Lj6Gjq6jFah1K4Nnp2OljaeDyOIPuVq1lMOpcy21lxWWdEWZMQiNtRppLfBVrHWaBZ6l4pHK5ubI7PMzpWNa76LZpuOAVhUw7I8lxOcIj/AKbSuI4tiP4Bd1TjsjyWqPvl+pmn7IlffKMb/wDiTF9uTP8AEF5q6IsWFBmD5tK60dSNPvXpz5Qzb9EmNfYaf7wXjOklfBUsmjJa5jgQVpxK7RnkenwNluy53IeYIcawqMOeBUxts9t9z4rpSFRJOLoknYiyyyXZcpnzNEGD0T4IHh9U8EAA8EJNsDh+mTHRWV8eFwPvHDu+3Mqvm7FOax8tRUPnlcXPe67ieaDoK2wW1UVPkekdbTiUcW7OUnkzKmPZyxz9D5doTWVnVulLNQbZreJJPmFGUDzG7cXadiO9X98iiCKn6ZnSiRvVy4ZM1oJ3vdht+CklbojNtKysMPyjDh009Nmmjraeridbq2E/l/mk41hGDfNw3C6CpZJf25CfzKuPpcwjGce6TcRiwbD6urEUjmPMMDngHUdiQLBctjuSsy4NRNrMWwmrpKcu0iWWItbfuuVCM4UrfJWpN8nqpgR2oLEZnFaQOY6SaY1eW4qUEDrqxjCbXsLb+iqyuxoYbh1Ti7G2mqnmCka0bxU7Da487XVv55FsrVU44wCSQefVuA9V54zxJCJaWmhcXyUDI2SRk9i2gE/id1zNXDfkUfn9jr6GajhbfgHRY2+qlr5KeHVI2EFhPOxF/VO6PNULj+jq+nktUdlwtcbbXv39yi8NkkgjaXBriWdt8ZDi0O4j8EhmHOqKvrdLbRkl2/s3dt+JCqnhStPwTwapuSrpvn/f1JbDa9lHV08Blc5jXXezXsCedvskA+K7XDammoKGkqZGGRtFWSUrmttcxuGoce664rDMG/lmR8riyKSOR8TjuOyLkDuUpmLC8QxKjraelkg+bipillY4lriRDcWI8j+Cri6mn/vBa9KlheOXJ28/zTE6WOWji697KqIR6jYNe2Rurj71cE/+tMN8ZJv8CobonGKYVhUNJWzSiA1DnQ6HNkvqIN992q+Kj/WOF/fSf4CuriluV0cXNGcZPd88Ek/2ltiyT2ljVoKgVcxslHURufoa5uku7txuuLxpgoc1trqGNphEN3X4OLdnW5kkEH3LrcejfNgtdEz23xEN87hcTFMRL15kaPnDtcEj3XDH20uDu4EW8rBXYcKny/Bk1WoliWyPmwWIvdTNqamKFr5RJ9KWgBpc42Bd5hw38FwWcKKmzhlqCofRijqaKQupgWEOJYbFh7hsu5nNa+qkwd8JgDHCaNkzQTZvsjUNi3cnwut1LKaSleZA6Jt9TiNi1w4jbzXRUISwttX2cuM5w1CgpV1/4/0TKt6Oax78OnpNOhzXEe5wv/muir801WBRU+FZcw5lTilRuXyg9VA0cXyEbnwHNNqqhhwrOzZKN3WUldHYO02DXt7/AD3+K7mjppHzOmpX07ZX21OkZx2tyXkcv25OD6JpvuxpPwcDl/DukPE6p8+aMQjigkfc00AHs95sBbwXfYzT3yi6kaC4Ma5rSdyVMRYe+ChfUV87Dt2QwWBP5rPm0U+FSOdKxhHCNxsT5KMouXJfjajS+CGyrSR19NHI+nj61kYDrttuBa6k6rBi53WTM0MabhoA3XHwYvU4FUVFQ2e/VkjqhxIG+x8l1tJmpmNYfHIQBqYCLt0mxUVTjT7LJwmpWuiHxiMdU5o28lwuL0PXMJPFh1A9y7bGZgb25lQlZCRbb2xzWfphLo4TFKaWfGaKuGmJlO0GR9jqcQbAD4hUpjec83zVM8NTmPEjokcwhsxYNiR9Wy9BZmlgwjDHYlUWZTwPY6UuNgGk2J/EFeWcexKnqsyYjLStBpZauV0LhsSwvJB+C36Ldcmcr6ntcYJeL/Y67o6wqkzjjDsOxfFsS+cuBey8hc1zRa9ySd91N/PeirAMVnoanKWM4pLTTuikfJWNjaS02JAHHgoroRjdD0h0ZO7XwSFp7xsi5ryFmybHMfxX9ETQ0EM09W+olsGdWCXXHeSOC0PvnlnN4+T0R8k2pw2pGbJ8HhfBh0mJRupYn+1HGWO0tPHhwV01A/WJPtFUF8is3wTHh/vUH+Byv+f+ff8AaKsk7iitKpNACN1ohEISSFWTBOCGeKM4JBCQwdlgSrbrdkgBlIIRSEghACLLYC2sCQGnJEP9KYO8ojkOA/rcf2lFk4lPZvHbjtykcp3o6BfSP2/rHW/BQ2bReUbf1rl0PRuL0LiNiJTf4BcqKtHXyOkdi2n1MCw04DeCe07NrfBbewK9RMbkKw2AGijNuScshu7hwCLhbAaBl+780eJlibhWqPBU5cjGrhHUtNvrt9VswbhPalg6gfbb6rAztD3qVC3GmQhoGyXRR3bIf3yiltmjZbohZsn2ypJckGwvVjSCoesi/lKN1ttJU64dkBMKiMGpYf3SpSQkxhXxN6txvvZVVVufTZoqWMm0CqY6HUXWLdQ4hW7XgaDsOCpjpkhiZVUbo2BrnSDURtdZc32yjL4ZpwLenD5QPGKGnpM0TMppJJIyIyNchfbYcyu+px2R5Ks8DiAeTuSXi5JurPp29keStg9zbK88NiUThflAtv0S44P4Q/xBeLWAA7r2x09tv0TY79x+YXilnFasXbMzJHBMalwesZUQTOjcD8VdGR830mYWtgaCKkDcAcV58r+IV3/JOoo5MfkmlY1wDCdwrfTU1TISltGnSHn+bB8RnwelpXNqGCznu2AuqtqsRqa6odNUPL3uNySux+UTTiLpGmqGNsyYEi3gVwcPEKOKK22Nk1h1JFPu+6zEaKGL2CUvCX6RulYpI0jitDSorT5Iprd9nFT+Uq/EcNxaCsw6uqKSpideOWF5a5p8CoFh3U1l8Xqmearj2OXKPePyWvnkmS5pKyd1U6ed07pJPbL3cbnnwUv8piKN/RBixLAS0xkbcO2FyfRNnjLWRuj/AA+PHKh8MlS3XGGROeXW8lzvTb00YHmXKFTl7BKWqe6pc0SSzR6GtaDfYXuTsFZljcaRRGSUaLCZwR4+KA1OI+SmTIPPwkOSMXERaH9S+xcLj2SvMFHh82LV0DHmWWSeW5eBvpIBJI7uK9VZlY2bA6mmcNpyYveWOsqXyfR/NKVtRUTMhayN8bnjkA4h3lsFh1E9k4nU0dPBMJLlGmp5IHUUjIaVzW9eHjURY72J3CjcTnw6limjhjj+cSP0bPFyL7XHhxTjHc2YDRsmjo6p9VJHdkbNyy44E+F1ytHTz1uMfOJN+wA43uS8j8OKhJKEW2gwp5JqKO+y9hmFVGHU0NfMxtdWRuMQDjr09wHv487KExrHocJoaqne8fPp68RRxX7Qa2PQXHwF11FBV4IaaCvll0VOFtfTsF9I7nAjncfBUdmnEG12P1dXGS1oluwX4b/5qGPHGVHQ1GRwjf5LV6NM5QQ18+WquzJxU2pbRh7XjYOFzuDtf3r0LUn9fww/7w//AOMrxBl2vkpsy4fXu3c2sY8kn97f1Xt6q/pmFn/eXf8Axlb8b+1R+Dz+eP8A9kp32Sr+Kxi0/itsVxWNcbOnB6x2ottHe4O43C4eTEqaim6+WAQun36mRv0bze50uHsk8bWXZ5kdoy/Xv1Btor3IuBuOSrgV9LietmIxxseyL6NhN2Scy5p532HeFOGTaqTplT07y5FauPk6DEsTp8UmlnjjfGW0773ttc8iOKTitDHNhLpG3jcALuB4/wDVQclDHhVJWNgEgIgjLruJ3J3AU9T9ZDgZlcNbw0vbqF9xvZdXEpRwRfk8/knDJqpJdDKty7DNQzSipnm6gF8Wo3ueKYYRVtaxu+9k6xuauE8XzNjad0oPXwTTENYSNrae/fbioKOmnikbE/SyQgkEHY2JFt/JeW1KtKVH0LR5YKbxklmfFKiSKKOnJLzIxrRxHELmquk6Q5qqoZHU4aGaz1bW6r6e++/op2KkJkhll7eh4IARa/HqKkq3ROdUOqA4tjghGp8rhxAA5d54LNG2+TpylVKKOGw/ozqZcTONZjxV88wBIp45nBje/uFz5Lu6eOk+aMggDYjCzTHYW7I5Jq92ZK2BhgwmDC4TcvdVv6w+YaD3crpnT4XitRiBL8YiJjuS2OlaWg+O+3ldKSSBqaXNEr81a8CV7rgcEwxp8UTGyEgNZxKmWlkGFvZK5plZvtzHeq8z5i0ceAyOa723W1X2VLXJG77OG6Xcyx1GS8XoowC2SIsBPmOC8+4JStnkmnlGqOBmst/aPIeS7bOWICppTTF2z7t4/iufpKZ+G4FUGTaWSxI7hyXV0ceDha+dyTR3XRrRzUGfsCmqHWlq6KSfRb2Gk2b8QLrn85Y/jbc141A3GcQELqmeExmoeWGMuILNN7WttZOOjCanpczwYviOKU1LTQROZeons69tg0HeyiM8CidmWsqqDEYK6GpmfKHRA9m5vY3HonJtNmeKT7PSnyKXj9EY+2//AKinP9x69Cz/AM8/7RXmv5GU4ZR48y/9bTn+69ekybuJ7ypv2Ir/AJmJIWiEsrRGyrJgSEkhFcEghIAdlopdlohACCEggIrvJDKQxJGywBbIWAJAJcNkKEfrMf2gjOGyHD/SovtBRZKJUebG/THwlcuj6M2j5nJtt1p9AoHNoBqpeX07tviuk6Mm2oJj3TfkFzYHVy+07mAdkLentcUSAbDbmtlvA+KvMbHWHC1G3y/NEeL7g2SKLakYPP1RCDZWrorfZkrbwXP7TfVLa3tBBry4Ye9zb3BabXtcXGyF0gvnoMHrqrCpnU89PAZm62AgkC+kjuPBNuk2yPbokXDZJpxYPH75UB0iZlrMIyRgWPYVhQlnxA0zpWNu5sbZNOrbibXO66KE317fWU2qdFcZ7lYZ47I802qR9Ky3cU6fu0JrV/zjPIpsaGNfvE69+CprphOqajP8RquevFoXE9ypzpfAL6Q/xG+qw6nx+qN2k9wwwNntEcnBWVTDsN8gq5wAXD/AhWTTjsN8grsPRXq/ecX06Mv0UY//AMMT+K8Q3sV7l6bW36K8wf8ACOXheQ9pa8Xuf9DEwNX2nBX38mw/MY6ipO1oyqKghM1Q1o5legui2nNHgRaBYvAHuV+7amyDVujl/lBUDp4aPFQ2+mQtefNVREOBXpDOuEtxnLlVRFt3FhczwIXnianfBI6J7bOYdJHiqcEuKJzQ4pXlo4odbKTzSYybJvU6idgVp3KitRdmMfuuoyfA6eviYOJcAuTja7ULgqyOjGljbUGslc3RA3Wd+5RXLHNNIsTNNPjWO4zTYdhFBU1UGG07IXOijLmh53NyNgeCjseyfmLBaSOsxTDZ6WCQ2a942JV5/JDqI8SypmCplY10jsWebuFzbS2ykflWTNh6MbNYA41cYuB4lKUpRdlKVxs6FicRpuxOI+CvGQueJXwZZqZoh24pmPHha+6qDFnxVM1RHSRufS1kgljI4RPI+kae8K2+kCSoiyjiElMzXIxzXFtr3bvcfBU3hs0UtFDFURyCAnrINDfaeXDZ1vIrk/UJVJHc+mRuF/k5mXAY2yueGuaeDo28T4ALpqXCqvB6T531Eb3AARRMdqc2QmwL+4D1T7DaaVmIRGPF6cUElY60DiDK0i5t38QuwxZrJsqvjiDzWt61jmSdlukA2AJ2020G42ub8VdptL62JyyP9CnV670M8YYkue/+jhcWihwzCKpkbWzyU0BjcQLmWoeCT523+CqCaAfoylqvr1Ekuq/c0gf5q5qUROY6piHWUtKXRwG21TUuFi4d7WhVBmWiqMMxmpwuaQltNI4NF9gTa/5fBU6Z83/tGjWXtS/2xrTAGpjse017NPh2wvdFSf1jCz/vX/8AWV4boqSSeuhDWud22kgcrHivcVRu/Cj/AL03/AV0Y9nHzKiYfxWMKyTitNVxQNsZ6j9FVXzktEOka9XC2ocVW2JYBHFDPVYfJGaVpLuokGph7y08t+C7/NrnsyziLmEBwj2vw9oKpoq17YHQullpGuNyWDVGSN92n8klPFfpzVtg8WavVxyquOeiQwurqqqskoXU0liGEvkl1aQDew5nh+K6qqmIp5IYRY/N3yAWuGm234qDyjE8076qodre8kvIFrcx+CkaaUuqauZsl2taWN2vew/zXoFi2RUPg8h6++bydbn4ILMGL02CUMtRW10kcGHxB1TO6HX2gLuN77m7rfBed6DpvrJukgV1WXty8+8DIS0ao26riU24uvx8DbkrL+UJLU1HQzJBEx7euqIXyEO9r2r+PtWXkunN5mgi24XG1WBY36bdnqfp+oWVevGNP/P+9HvfCa6DEKVksErJYpWhzHA7EcQQUXD8Kp2SS1EYLa6V3bmc0OJHJvgB4ea8k9GfSfW5drjhlfKZsMMgbHreR1Pv5N9F6Fy70gsrqgQmiliGm+tzgQR3g8/zXCyYJQlR6rDqoZI30zv/ANBU7mGTE66aqceAc8tb5WCxrKGlpyyBtm8LArhs0ZtFK8ltXE1oadQc8Dl47j3LkJ+kKtfR6qane+NrnNH0Z0uG1nXJ593JDxNot9eC82dZ0h5riwyAwx26xwLdhchUhnbM1ZX0wMumGAC0UI5N7z/3ummasyT1VZKal30znbRtN9N1zksklfUkykOGoamA/AeQU8WD7qRkz6v7WNKWF89Qypm+qPo2kf3j+SFj7iMNlO5u5o891LlwidtGJO8XtcqEzM5zMLDTYF83ALqqCxx2o4kpvJLcyKpahzS0PjjmH7Lxw/FdPh0lMIWk4XQ6gb6nsJuO4i65zCKZx0zSNLr+wwcT4+XipxrHNi6yaVsbO+9gPJRhjT5aCU2uEWvkLpajylC6CLKeHFjyC91I8wucRwvcOBV4dHPTTlDNs8WHSSyYNijyGsp6wjRI7uZIOyT4Gx8140FbEXWgjklH7VtLfiUZtZG0Xl7A8CT+SlLHFqiKbTs+iZBBsQQe4hYvInQ/03YhlqvioMbxKfGMEd2XRSP11FN3OjLtyO9hO/KxXqzL2NYXmHB6fF8GrY6yiqG3jlZ+LSDu1w4EHcLLPG4l0ZWPSkuSykuGyrJAzxWiiJJQMGeCQUUhIISAQQsSiN1pIBLwhQ7VkP2x6oz+aDEP1yE/vj1SZJFWZxbbEKhp5VLx+JXQ9Gd/mtSOXWjb3KAzsB+l6pvdVP8AUroei0Xp6oc+sHoubDs6uX2HewbWusJ3A8UqJYRcg+KuMYzbLi8YPUw0U0VzpBe5jrX8iEeOuxFrR12EPI74pmu9bJ3TtBht3k+qK5oa29+AUkn8kGRTsxUUWIUdLXU1TTdbOwfTR2b7Q4ngm3SvmzAabDMaMlbE+EwthEkbw8GSRpAbsduS5TOEJxrMMOHv1OhPZeB3HYrzpmzCKuDEZcBoqapiY2rdSv1A6JpA+8dx+1pcliyeqpQfz/6VamXoShL5/wBRc+U+lmvzLieTMvUlNJSU9DUtoK2QPa9lQ5sZAA8Nr3V9xNBDz+8q76Hui+myJl6H56WVNdV6KqXWGu6iXTYhhHId67eWlinmkc4ytcSN2SFvJasje52ivEvsQ+vsAg1os6J3mm36PeG/RV9UwjvcHeqFUMrI3R9dViZu9uxpKg3wWpBMUINIbdypnpdtak8Ht9VcdWHOo+82Kp/pdGk0o42c31WLVdL9UbNJ7hpl3dr+HEKyKYfRt+yFWuAENEvgQrMpR9Ez7IWjD7SvV+85zpUopK/o8xqkibqklpXNaF5G/wDDTGHuF4mj4r2jmtt8uV33RVQgKUrUuHRnhLauim8O6McUinbIZI2WPcrSwGhfQYfHBLpL2jctUlZZZPdKqsTabuhBHJcni2QcDxGrfUvY6N8hu7T3rsLLYCQJnCDovwO3ty/EqHzVkTCcMw6SaAya2tJFyrYYFzHSEz+SZR+4UbUSWSXyeebndd50A4Ec1dJ2HZemqJI6apDzKGutcNbey4W258yrY+SKdPT1gfjHOP8A+MrbjhG+jNlySceWX30N4zlroyxjN+VMVxFsDoMS6yIvv2mOY21rKM+UJ0jZXzPlL9EYVPJUT/OGyXEZDQB4kLielvDcVr+nHNDMNoKmq+mZq6mMut2G8bLlcbwLGcMLP0nhtVSh/smWMtB96UZRlFKT5KVZ60ZyTiMptGUdhWoZHZqqX0mAVtQxrXFhYS08HC9iD5qma2ixhtLPNg1DHWYe6QTRBtw6E3PZA4m211dGKYlRUTiysc4B/wBUROff3AJvFmGitamoMQl+7o3AfjZZc+BZXyzXp9U8C4RTeHUFfNHDUMy3jTq1jw89XDpZqBvsSF0wyxmnHKfRW4T+jaTi+CJ5MkwG4F3GzRfkNlYrcarnj6HL+Jv+3oZ6lEFdmCT+awBjPvato9AUYsLxxcVJ0x59UsslNwVo4qkyTjxtM6no4XQM00cBl+jj7r27uJ7yoaToOdX1jK/EsUjNTod1jAC5j3Emx7+fvVoA5rkG1PhMP2pHv9AFsUeaZPaxXDoR/DpS71clDSwjLcrFPW5Zx2uqK8w7oLwykljlGN1RcGkOHVixv3K1qsCM4Y0m+mrY2/8AyEKPGD43J/PZmnb91TRt/IotJl9zKqGoqcYxGsMMnWMZLINGqxF7ADvK0Rgl0jNKbl2dC83WNQxwCW1WECLze/q8sYi+52j7r8xyVXOFQ3DoqGSCMvfYh7XXuDvw5G3orSzYNeXa1ocW3DRqHLtBVhgjayprZ4al8T/mx6lj4rku5Xv9laNDtWpi5fn/APf2Rm+pwlLQT2rpp3f9P3Z0kT2Ydgwlm0QBrC5znOAaB3knYLise6VMpZXBpHzyYpWOYCYqLS8R337TydIvfgLlVh8o3N1TiWZn5ailIoML0sljaezLPa7i7v0ggAcjdVJGSAQeJNyuhm1O1uKXJydL9OUkpyfHwdd0p9J2L5gwU4VT0NPR0Zn1sbFcv5kanH0AG4VPBzmy3cTe5uSuye1skbmuFwQuNqgWSPYeIcbrmamcpvdJnd02OGOO2KNwRiVz5XnstN7d5Vu9EjMQxfDp8OZV/rNK0SQtftaI7WBHIG3xVY0dOThGq25eVPZYx7EcBxSnxjDHN+cwHdrhcEEWLSObSFnnic4UuzTizLHkTfRZ2O5VzPPIJ6sNZC02F2Cx+GyZx5fzfijRBS6aama7Q06jd3kBuUPEOm7F6iF0UOA0dK5w7VpZHC/gNrfFc5ifSXm+qo3w/pR+H0lrOFKwREju1DtG/mssdNmfdI3y1WnXVsNmWiwfKlXPQ4lUl+INaHyxNF5CTvYu4M8hc+S4DEcfrapxbEW08I2ayMWsEwrqqSsqXzPJJceZufisgppJnhkbbkq+EdnETHkn6nL6+AbZp9XZlk1HucVJU0FdWRaJpndUDsHG9ypHD8Mip2jUA+U8SeXknMX0kzmMsGtHHw5fHj8FfHG/JneReBULDGxsMbesfbgdhbvd3DwTllG0u6yocZpO88B5DkjwxiNnC3f3lIlqI2m2pt+5W0V3Zjmsb7LQPchucb2SXzNO+/wKHrafrBJjRuSOOQdtrT5hWv8AJjzlUZaz1DgFRM79FY28QOa53Zjnt9G8dxJ7B7wR3BVRc8rH3pcFRNTTRVMF2zQPbLGe57SHN/EBVyVqicT6GalmpQ+WcZjx7LuG43ENLMQpY6kD9nW0Ej3Eke5SYcsFmigy0kNddKadkAYQkOCXdJcUAJstHklLCEADeNkCL+lxfbHqnLuCAwfrUf2h6qLJIq7PAAxit8Kt/HzKnei14bHVXPF49FC57A/TVcP97d6lSvRkLMqrnm30XMTpnVmrgiw2u21IXXAHjbda1gMITJ7hfc8SpuVGdRsenEY4Yxd4HH1UTjebYKSmOmznb81E4/OGRjQ/fe4B8VwmMzOMb3E32JWTNq5Re2Jt0+jjk5ZMYXnjC4MbBr3NjdK+3WE7M3vuqvznm6sr+kKuxHBLNpnVsdREHtBa58QsJPhf3LkswVUj8QlZqPHvTOigqq6XqKeN5e1t3EbaR3lX4srhE9Fi/wDiWLUxjmzSdd0vj9T0v0UZups5Bs9fUfN8cp63rGsicQ18RFi0C+7eN1bcTh1r/P8AJePejSrmwLNlCyDEYW1wL2sAIuWuG9wV6ty9WTVVNqqbCYW1W4LRinuVnn/rejjpdR6cOq4/H4/f+pPbaUzr/wCq35p2z2U2rALRHjur30cZdg5BaK3gqh6ZIwySAW4FvqrfqeHeqd6V3yYhigpogGEva0OcduKx6nlJflGvS8Sb/BF4ISHS28FaVELwR/ZHoq+ZhjsMkiY52oywh/krEoBeni+yPRacMWuGVamak9yGmZ23y7XfclU6BsrozG3VgFcP4LvRUyOCnPsyoTZKAW7LAFEZqy2At2WwEAEiGy53pAZfC5PFhXSx8FAZ8F8Lf9gqQjzmW2c77R9V1XRFj8uVekbCschaHup3m7e8EEEfiubLe277R9V1HRRgQzH0jYRgpfoFTNYu7gASfRbocUUTprk9f/JxxD/SmrzdmOogaJKrExYfstEbQAnvyoqOI9Ghk6pocypjs6243UV0I1OB9H2IZry1iuJwwPhrmyRmV4bqY6MWt3rXyhs+ZWxfIL8IwzEoKyrlmYQyJ2rSGm5J7lHIltVfgrhJbav/AGzpmI8ZTZiOxaAHDbIrSgNKK0oGGaUQFBad0RpQIIClBDBSwmAsFKBQ+IS2oAWEtqQEtqAAVVVRQscKyeCNhNiJSACfeudzVn/JuU8IlxGtxOiPV36ungs6SZ4FwxoA4m3E7BdLV0VNXBkdVAyYNN2tcL7ryL8pzOGF45mT/RzAoYIsPwmRwfPGwAz1PBxB/Zb7I7zc9ylCG534IylSoq3MuKTYvjdbitTYT11TJUyAG4Be4uI917JkeAcEKTtVTm/siyK5oLC08LWKvbt2QquANTW0dL2J5mte76guSPO3BQMtI7EMUmkpmEQF/tkWHuU/FhdPE8yhjQXDlunkbNLQBsR4KEouXZNSUehpDTNgpBHbYG+6aSyMbuGqQrjohUU5zA0ue4NY0bk8lJ8EVyIdUmxIDWNG7nHkFEV1U+rkDW3EbfZH5nxS5ZJcQnEULS2Jp2H5nxUnQYW0EahqKpbc+F0XJKPLI6hoJZngAbFdFRUbKdgawXJ9p3enMEDY22AHijBoF1OMFEhKbkNap3VQOcPa9lvmdkSiiEUWu1y43HoPwATatvNW00DSLFxcQO4bqSZESATy4eCl5IjecPf7Trg/V3t8Aht1NFhZo8GAJ89gA3TWVjOVx70mMBI8XsXG6E59uJCJJGd7Ov5ptIwi9wR4tKi2SQS4O9r+IShfq3W1eyfRNmQBx1RvId4GxTi8rYXNc4nskXPkq2yaPdmQyG5Gy+GtDQMLprAcvomqda/ay5/IjteRcAeOeGU//wATQpkHdc2+TVQ6a7xRA5NWvRGuUkyNB7rV73Sbrd0wNpQWgtgboEaeLBAb/PsP7w9U4fwsm4/nWfaHqkySKvz27+Wq62/62/1Kkejt+ltTvxLVGZ23xuv/AOKd6lSGQHWE/uXKl5Ou/ajunEmMnhso6pa5xtqKkAdUVr8U1mtrO6hPkhHg5bEYbgi5O5XL5lo7UL3tdYhpXV4vNGwmx3JK4/NNcG4dJqNhZc6Vb6Ojhk0rO86OOjrBaDA4auto4KqvqWiWWWRoda4uAL8AFJZpyPgNdQTs+aR08kkZYJYQGuF+eyqnBemWuwfCYcPmpWVr4mBrJQ/TcDhdN6zpnxqrfZtJTxsvwuSV6T0sbhwjgz+o5ceW97tFRBtZlDpCrYJ4HVk9FUdWHaA4PadhYcefxV49AXSW6qx0ZSrhPUPcNMdTKbOa5ouWnvHcvOWZJ8Sd0gVOIVMvXVU0wqQ8bDc3HwtZW58nnDWYn0mHFJ6iGF0BM3Vl1nSPtyHvus7TUkeiwR0+bR5cuTJul3XxfT/vwetY3bWQa0/Rt81qN9xxQq59oW781a3webS5NVMlgT4WVU5lpY6zM7IpLlr3EbctjY+5WbO4Oi4qscfnEGaaZxP191lyu5w/VGrCvtl+gXEWyA4d1kpk/UwLnmRzXc4cL00X2B6LgZKymq6XDn087JdNOQdJvbtKwML/AKHAf4bfRbo+5mKXsQnHm3wOtH8F3oqUAV342L4LWfcu9FSICWTsrRpbC2FuygSNWWAJVlsBABIRcKDz0L4a77BU/ENlBZ3/AKAW2+oVPwLyed3C0r/tH1VhfJwIb03ZaP8AvDh/ccq/ePppB++fVdD0a40cu5+wjGg3V81nDyO8WIPqt0PBnnzFl6dK1HiFX0wZgZh9DU1Th1eoQxF9uwONhsuPxXAccoYRUV+FVtNC42D5Yi0X8yvQXyc8ejzbmDOOMugazra2INB3IaIwB6LqOn2CH/wyxN3VMuzSQbcDqCjLdBFcVa3EWxGYgMKMzgtAw7CitKA0orSgYZpRGlBaUVpQIIEoJAS2pgLalhICI1ACmogSAuH6aukCn6P8qOqourlxer1RYdA7cF3ORw/Ybf3mw5qUYuTpCbpWc709dMAyQ4YDgLKepxySMumfISW0TXDs3A4yG9wDwFieIC8fzvdLIXyvc9xdqJcbknmU7xasqq6vmra2okqKmd5lmmkN3Pe43Lie8lRssjdQDiGsHE2V/CVIq5fLFwtPWSPLfadt5I3K5Wmlrm6mkFp4EG4SxwSGEpnjSWm3Z4eS3JK1p1W803cS12ybvm1XF07EKrpOugNhbtWXL4lUGeUQxEmNuwt9Y96kcVqpHXoqcEvP84Ry8FrBsP0VzDIe00E27iqZtydIuglFWx7g9D83pmBzDrIu4+J5KUiYQAA0AJUYFrAgkcbJR2Go7Dhc8FYlSorbt2YAtOLiQxjHPkcQ1rWi5JPAAcylsaZNWm1mgkk8AFKZKxaTLmPQ442hpqqqpg51MypBLI5eAkLfrFu5A4XseSHdcEopN89ErnLKFFlKDCKaoq5JsxVFL84xOAEdXRh9jHF9u27t+7Zc8bImL4nUYjiVTiNfKZ6qpkdLLI7YuceJ2Ue6pa0Wcb+KSVIlNqUvt6CTOuNimry/fgUmaR3EG47khsmo22v3JNiNkg94PikuC26/MJKgyaEiJpcHDY94RXAnSHb3ICyPcojGGSoZG0XNjbzOw9VEke3+j+Mx5By8x3EYZT3/AP2wpg8UnDaYUeF0lIBYQU8cVvssA/JEIXLfJpQkHdEY5D5pQKEwHDSlNKC0orSppkQgKW1IaEtgTA08bJs6/WNPinbuCaSCzxbvSY0VXnFwOP1//Eu9VJZFPZn25hROa+1mPEB3VDvVS+QyG/OL8Lj81ypeTsfyo7aMWYPAJlU3Jdb3J7G67Ce/ghOZqDiq5ckYnDYyyTrDtzK4vOcUkmGvawEmytHFKN0kLnBt7OPJcpiNEXNc10d9u5c+ScJ2bsbUo0UDVNkhN3gtttumpxGJhF5G+4qzsaypNiuJNpoIdIeSCbbBcLjOTMbwGtfBUYNUXaezJHEXtcO8ELu49XcEZNP9Aw6nK9+Xb+Cc6MqLDcwZnZS4zh8c8E7dDCRZ7Lc7rtqHIs+VumfCKTDXzSUsxFRG48Wsae0CfD81z/Q7hdXHjkVfPGYw0gNa7Yr0tSaJHtqHwgShulriO0Gnkknass+qRxYc3p6V0ttP8/qSbH7GyTVO1Qtv+0ksO3FZUkdU0eKd8HLrkBKbMO/JU90pPdTTOqbvZo+sB3ndW9Ifoj5qsemAD9GSHy9VlzunF/k1adctfgZYJV4TNhdDBhzotcMFpWtFiN+atbCR+owfdt9FRHR6AayrIA/mx6q+cI3oKc/w2+i6OGW5tmPUQ2UheMC+D1Y/gu9FSFtrK88WH8k1X3LvRUaApZOzNE1ZbstgLdlWSE2Wx3pVt1sDwTALENrqGzoP5OP2SpuIKIzmL4Y77JUvAvJ5zlH08v23eqkso4bJi+a8NwyHZ9TO2MHzUfKP1iX7x3quq6HbN6Vstn/fmfmt0OkUSZ6Y+Ta2iyTmHN+A4tiEEE0c8MjRI8N1NLDuLldZ075zy5LkGuwyDFKaesqQ0RxRSB7uINzbgNlQvS9HNL05Yy2GnkmPVRGzGF1uz4KNqcPrWRdbNQ1EUf7T4XNHxISb3R5ZVbXB6QYUdhTdiO1XjDNKK0oLUVqACtKI0oTEVqYBGlLaUhqW1ABGoje5IaltuT3lAEHn/NNBk3KVbj9fZzYG6YYdVjPKfYjHmeJ5AE8l4fzpmjG8247NjWO1bp6mTZunaOJl7hjG/VaO73m5Vj/Kfzqcx5y/QdDOH4Zg5MQLXXbLOf5x/jb2B5HvVPvJAIBC0pbVRVduwMhPMnZNahwaziiSvDTxTrCKPrX/ADiZtwN2NPqkMZ0tFVy0wfSxTNkDti0W1D37FPzBiMMZ6yldIQOLBY39FLxOcxpeXlbqJZHR9q+/LuTURbiIhEjI9U0TBKfq31Bv+ZT1sJDG6bA23IA3QC27rkp3rDGAndCQA8QgiqKYQloY9gvHIBuO/wA03w/DYWP1WcQOJJ4p06Zpbe3BCmkcSI29m/GyHQWFfRYQ6UySUYklP7x/GxTUtgrKt0tRCySOF2iCM+w23E25m/f3J1EGxtvzPBMMNJ0TNPETv9UMY+qpXyQOYNttgNk2MwewPB2Iuin2fEbpnbRK6P6ju0zw7wkwRqR2q+/BN5CbXCO4IL28VFk0IbIw7E6T+CS8NdwKSW34hYLAKDJCmlw2LiQlt3OyQ0XNgE4AZCzVIbdw5lQJIULNbcqb6OaA4vnrBqDTcVGIQRn7IeC78Lrm3SOlu49lgXVdE1RWwdIWXH4ZHrqv0hFoZa9wXWd7tJPkoy6Y12e35Tqe4jgSShFGeBqNuF9kMrnGkGQthbsthqQxTOKK1IjbvwR2jvTQhTQlgLTbf9hFa2/NSsiIeNkylFne9P3ixTKcb3KGNFSZlN8zYi3+O71UrkofSTb7CyiMxOH+lmIt/ju9VL5QB66YXtw/NcqfTOx4R2sL9VuCM0DS4JtDs0Izndna3BVpkKMhaxzXMcAbuKXJhtJMO1E34JFMd/8AmKeNeQNimqfYna6GrMKoqaJ7o4GB1uNk9ZDHY3aD5hIlcTE7fkiNOysTrhFbTfY1ZheHR1HXRUMDJCblwYAU4O1Q73JYO4K1IPpi7wCldIVWFa4Wsh1b7NbvzWgTYIFYew3zT3C2iJJAI+KrXpZffC5Bx/8A9XfSyXad1X3SkD+jJL9yzZpXRpwqmct0f3bVVQ59WPVX5gm+G033Y9FQmQ7iuqNuMavzAhfC6X7oLpaYx63tDjEhfDKkfwneioy26vavF8PqB/Dd6KjCO0fNXZO0YoibLdlvktgKskaSgFltlsDdABogojOQH6Ld9kqYiCi84tvhTj+6fRS8C8nnCX+kzfeO9VJZQxE4Pm7C8TAuaaobJbyKYT/0uf7x3qjYTTOrMao6RntTStYPeVujwkyhq+D2D8m/GKbNufM640+nbd5pmMJG4Aa7ZWV0xQ07OjXGCIGXEBtccDcbqofkp0Qy1nDN+EVkzWyNbTvAJ4izt1a/TTiVBH0Z4sH1MQdLDojF93OJFgEp04NorXCaZAsRmIDEdivEFaitQmorUDCsRWITUViYBAiNQwltKACAqh/lRdLVLgOG1GR8CklmxurYG1T4X6fm0ZsSwkfWcOPc078bK3M84/HlbJuLZhkAd8wpXysaeD38GN97i0LwBiE0lZXVOI4o99VW1krpp3vdu5zjc395vZXY1S3EJO3QwdUzTyWc6Srk/soOzG3wLhxTttBNO0GpAiI9kQt06ffxKPT/ADudoZCGwxD9kWARTCyMWlqmN7ze5TUfkHL4I+KkqRWMppnFzHHsyHu5g+K6aBo6sNaQ1g22tdQ73wtaWio1A7EOF1PZhzc/H8mRZexGCnY6hjaKGeliEXskdl4Asbi41D3jmjmPSGql26ByVFPAdUsscbQOwHuA1H3oTpOtbqBDge5cRHRmolLKl8hc0dnU6+3cF0OGwYcW/NBeKeNoNxcE+IIQpt+BOKXklCBbfdG0t0ja5TFtPIxmpmIvDQbWeA7/AKpzHJEGduoBfwHZsPVSsjRlTGzqwbdu4De66ESxsjpXcOQSZpZJHDRps0HcHmgaHON3FFhQeF5kkL3e5BhPV107eUlpG+h/EJwwBjO5NJzZwcb7HiEAOy5Al91wVsSBzbtcHeRQZXHik2SRpzhvfmgyOCQ9290Jz1W2TSFPctMBe6wSA0k7jZF3DbagxvqoMkLMjIRZtnyfgENw7WuckuP1UgvDdoxbxPFNqqqjpyA7tSHe3d5pDQaoqGNLdbgCfZb3q5PkgwY27pEqqingjNAyhe2tkc3dgcR1YaeRLhy5B11StRFFN1MkTtetl3g37J4L0V8jCd7a3MtJIwginp3tcOFtbxbz3VWV/Yycez0c4JNkslJPBYS8SsL2jiUlxTeW5vukxharEKemgMjw91uTUmLFmSOaG079za5cNlHYy39Qee63qk4f/PRbW+kb6oQmSr8dwuJv0uIUbDzHXAoLs14CzY4nASOTQ53oEjBI546ICeH6BzpCxw2Asb7j/JRcgcKh41O9o81uhpL7Zy8mvlHpEpHm/A6h1oaiaTiezSS228S1SE0rJI2SRnsvaHC+y5inv1NiTxPPxKl5nkUsBBt9EFVqMKxJNMv0eplnk00Vfj7w7OeIgf2rvyU5lUgTy722C5SoldLm7EC7j1711OV/6TIL/VHquJk6Z6RdI7CE8CCjOIIO6awHax4o4ILVnsKCU59rzToOAHNNID7Y/eRwbppiaFyP+jd5I7XDTsmUxtG7yRoXXU1Ii0OC7gkSP7ZPgFp52A8UF7u1bwCe4W0cB2w3Qa4/RNt3rbeASKs/RN809wUR8nC64XpNIdhcg56V3kwAauF6SW3w6Tv0rPkfRfiXJzGSWhtXKf4SvnAd8JpfugqLyk3TM898avXL++D0h/hBdfTeTBre0PKwXoph/Dd6KjHjtu8yr2qBeml+wfRUVKPpX/aPqr8naMKE2WWW1gVYza2AsASggYaEKOzY2+FP+yVJQplmdt8Lk+yVLwLyeaakWrZ/vHeqlMk/7bYL/wAZH/iCjawfr9QP4rvVGwWq+ZY9Q1g4wzsf8CtkOkUSLa6UBUR9M1eabrhqp49Qi1bi3OyHVx1bo2unZUBvfIHW/FWx8nLEqfNXSRmjE5KaNx+bU7WlwvYdrb8FbXSvhFE/o7xdzoGAxwF7TbgQpU4RsodSbaOaYjMQWIzFaSCtRWoTUZiBhGojChtRGJgEHHiiBDCIEAVT8q2ubSdEc0JcAauvp4gL8QC55/whePourdJqJEjuLj9Vq9h/Kqws4j0RzztZqdQVsFQduDSSxx/vheRDE13YA0xjj4rQvYip+5iWdZU+04xw8gNro7YaaMey3zduVra1hYAcAs+iB3bqKYjRMZdpjv4aWi6WKY8S17h5oT6mNhIFgkGvDdwfgUWFBJYonnS2DfwaL/FR8kMsNWJI6mMPZ2ml4tpPdccQjSYpVSDQ27mpVM2sf2iyGFpPtFtyk6ZJWglPW9fGC9jW6jdzRvYopZp3ta/C6FUMcH3Y8Ahtw7SOKgq2LGtZDqqV7eVnWHwUW9qGvuOkY+Np3e23NEmrKGJu9RGLctQXEupqsnt63eZKe0VMxrTrozIe8bkKG9vwT2JeSdfjWGg260vP7rSUkYlFNtFR1Mg+7sm9O7RsI2wjvc0BZU11OwlprHzO/Yj/AOie5+QUV4HMbyTqFK+I/vELJpWlt9fmowvqp79TSCNv7chuU1eQKhkfXOlcT2iTt5BJzBQJCaVgOxSGannwWnxOMlg1pPcUVjHlvsgC/wAFFkkKDmMFmi7lpwcd3Gy1NJFTx65CGjl3nyUVU1ks5IHYZ3cz5qLaQ6sezVAAc2GxcOJ7lGdWXAvNySbklHptng8RzCNHHoc6J3L/ALul2S6E0bnGB0YPbj7bPzC9SfIyiZJgeYsQDd3z08N/Jr3EfivMULGRVDZLiw4jwXpn5FMkzMEzZQu/mIa+B7D4ujcD+DWqvL7Bw7PQJSeSUVhWMuAuCC4cUd6ERxUWNDLGG3w+T3eqRRNHXRb/AFx6pxizf1CTyQqIfSM+0PVSSIvsDPmGKCglopG3MTiIiOW51A+fHzRcMo5KyA1DwGOd2g08d91FVuGVNTFO9jG6DI8Ak9zij5Fxj54ZsLrWviqIXXYNVtQGx/zXTyylDHcDiaeMcmVxyf0HNZROow0Oc1wcSdvjZOXb0cH3aFmCeM1UVLE4u6u5eS6+55IrRehgP7h9SsuocpYYuRt0kYQ1Eow6op99v9M8QH8Z66nLt/ncluTR6rlpm6c5V/37/QLp8vOLa14722XBye1nqF0jronXDT4Iw9n3ppC46AO5OYyfxWZMdC4D2nD98p0xyYRO7b/tFOo3gAXQmJoJP/NO8ilwvtbyQJiDEd+Sxj7W9ydiodPdce9Cce2fJbDrgoeoF9x3J2FDhh2CTVH6IeaS12yRVH6I2PNOxUNpTdpXDdI5PzJ4P7JXZyvIJC4jpFJdh0h7mlVTfRdiXJC5bs2Ugf2avHLZvgdGf4QVGZbeDIHd8avLLJvgNH90F2NL2zn67wSUo+gkH7p9FRVQLVEng8+qvaT+Zf8AZKoup/pMv23eq0Ze0YECCVZaCUqxmBbusCyyADwcE1zEL4ZJ9kp3CE3x8Xw2T7JUvAeTzPiA/lKq+9ck0sRnr6eFvF7w0e8omJAjFKr70ouBf7QYd/xDP8QWyPtRSz0V8m2up8jZ9x/DcUnjj6+khe1zza5aTt+Ksbpcz/S1uU62go5mv69oYTflfdUH0kwvZ0hyPjLgSxg7PH2U3qDPpAeZS394n8003KPJTkioyaR6UjR2IEaOxXgEaitQ2ojeQQMK1FbwQmorUALaiNQ2pbCgDnulLDX4x0b5jw2MapJsOl0Ac3NbrH4tXg8yucAb2B3X0V25gEcweBXirp06NKrI+Y5J7PdgNdM91DOwXDb79S7uc3l3gXHO1+N/bRXJc2V0+oaHaWkudwFkN8sl+rj3efaN9m+CS6anaC2nYR3uPH/olwviDdIs3vui7CqMjoucr7k9yK2ihuOJ32ut/OISf51lh3EIvz2hg7T6mIv5DVe3wT4DkcQUsUTb6BdKkAcbmx/JNHYrS6SQZnDm4Rusm7sboBe75L+LChySDax8Y232BG62WgnuCYwYvQyOF6kNPHtNICI7F8KZ7VVq8GtJS3L5Da/gO6NtrtaE1rYIRTvfK0ANHtd26UMcwn+3cPOMpjmDE6Oow3q6Woa9zngOHA2G6UpKuyUYu1wdjPk3LNZgMWI4dizRU2DZaWc6iHeFt7LnpMNfQvIjggdo4mNwNvdxXLiZ0z9b62UAcGgnVfuFkSaiEekEufNL7LL+qyY1kXmzZklil4od4pipcOqYQBaxIKiYpbzB7jtdGlw97fPySGUrxe4U5KTdsqVJE1HU0zhqbPGHAftW9VqpxSGKBzYSJJCOyOIb4lRPzV3csNO4BNtsSihL5HyyF8ry5x5krcY1b8FtsZvwRoo/BRSJG4mlpBBT9rGzaHE6XAaSfRBjYL3R4zpOw2U0itsbVMMsLSTyNiV7K+SlhlFSdEVPiVM4vnxSqlnqnEcHtPVhvkA0f+4ryRJH85o5W8Xhnx7j/wB9y9d/JQpJ6XoQwt84I+c1NTPED+wZNIPv0kqjP7SzG+S0ufBaKV4rTllLQb0KyK/ihnmkMb4qP5Pl+yhUgs5h/eHqi4rvh8o/dSKT6nmPVTSIsylkgg0iWYOpTO/rgz2mHWb/AIG65+uw+mgxmSZgc2ohldpka4g3vx+CXiDZAKqoY4GnfUyQuc03DXtcdj3Hf4FMaaaSYyPkc5ztViT5LrY0nE83mk1OumhzT36yV7nFznSOJJ53XQQG+Fwn913qucpyS54Fr6zzXR0ZBwmGzg62obG/ArNrktiNv0tt5H+hUNTY5zrwdvp3+i6DAT+uP47s/NQNaNOeK8H+3d/hCl6FrnVJ0Suj7O+k2uvM5eIs9nBWkdhE4806Y7iR3rn4onObd1RUO2/tSPROI6WLTu2R32pHH81hU0WODJON30kh5XTlr+zxUdSMjhic2NoALrpyx3AFSsVDlz/o3HuaU3ZWNcBYSO25MKI13YO6JE63PknZEQKt97Np5z/yJdLLI57hJE+OwFtXNE6zihTSASg3+qi6ActO6DXyPbB9G0OdcWBNkhkiHWy3iHmE93AqG7m1j7nTA2/e4lcjn6GpOHyh8kQAYeAK6/rOzxXM567WFTn+GVVKRbjXJyGVHEuAPJivvKv+oKP7sKgcqkiS3PQr9ykb5foj/DXd0nbOdr+kSsg+if5FUXV7Vc33jvVXs8fRu8iqJrv6bP8AeO9Vpy9o58QYWwk3WwVUMUthaSggA0SBj3+rZSBc6SAPFHi4oWNf6tf4W9VJCfB5wzLRVGH45VQVTNMmvVbwKZUU5psSppxxjka74FdT0tD/AM71f2Wei5AtJIIWyPRSz0r0KZiw3HekusqsThiuaQCLXyI2KvXOLsutyTiEk1PTaG07z2gONtl8/Ip6qOTrI5XNf3g2KduxbF3xmJ9fUOYeLTISPhdX7o7NtGXJhnKblfZ7cYjsQGIzCmWhmpbeKG1EZwQMK1FagtRWlABGojUJqI1AggKY5jwXCsx4JU4LjVHHWUFU3TLE/wDBwPEOB3BG4KehKamnQHn2o+S5hZlJpM5V7YtV2tnoWPc0d2oOF/gprBPkyZDpmfypiGNYm/wlbTtHkGgn8VdgRGotjKfn+TR0XzQOjbDjcbjwe3ESS33FpHxXkvpcw/Cco9JON5Yy3LVVFDhs/UNmnc10heGjrL2AFg64Hkvou6ZlPE+ok2ZC0yO8mi59F838Ta7FMZxHGKm75q2pkncT3veXH1U1Fyi2Lck+Tlpayrkd9IXOaeTuCcUsbZ5xF2W95OwCmnUcZcQWDYBHjpI2kODGix7kek/kPVXhEPNS27FLC6U83OGlv4oDsJqHdpzmNPc3ddKGC10jRun6aF6j8HOfoh/MFx7ys/Q8n1rjwXR6bLGsR6UQ9SRCU+Htph1sg2bunmH05BfVTD6R/AHkO5PZY9bg07tC27cgBNRSBybBiFj93AJD6eLgBZOTZrLINy87cFJkUNnU4PshIfSix2T8CwWnbhRolZGNpeBskQMFjccHEfipYAEDZM6NlxKO6Vw/FRaJbhHzcO9ly11ZbsQnfV6TslmxG4RQWawraoDHXGrbbjuvoBgmHUeD4Dh+E0EPU0lHTRwws/Za1oA9/f4r59GZrJm9W7TICLEcQe9e6einM/8ApfkHDcZlcHVRaYaq39qzZx9+zvesuoXRbjOnSSlLRWUtBScEMhGLbpTIgeSKHZH4g17qSRrW6iW2ATKnq9Fg6lqgR3xrohECLLfUMPJSSIs5umo8MhFY2Cjr3Mrak1MzJJeyZDfcC+3FHgw+kBOjCYW3N7veSp35uwcGhKbEEK0qTIuMZO2uSPp6ZkYu2ngZ9mMINU0kuNrE8bbKYMeyZ1UVrquUbLI8FH4mf/PVeCLfTf8A1CnMMZqqCOHZUbmdjY8/VbQOLwf7oUrgljWuvzjPquTmXEkdvG+Ism4G9gEookbct4XSmmzALIZaL3XOqi+7DxjjyRAe5ChNwfNOI2bXUiLFX7FkRm48UMt2KLFwHkmQFOFhxTSpeRKPEJ64XTSoj7fDgEmNGMedIQqgks96M1nC6TPH9ETbmh2A21G581BZy3wmf7BK6Dqza9lz+dOzhFR92fRVclkezi8rH6c95Yr+ycb5dovu1QGVj9O3b6iv3JZvlyj+x+a9FpPczma/pE262g+SofED/KFR9671V8O9g+SoXET/AClU3/tneq05u0c6INKCGEsFVExYKUCkBKCADxlIxUF+HygcdOy3GeCPbU0jjspoizzr0j1gnzdVPL9ZAaD7guebI26lc9t05vxFo2tKVHYbQV+IzGKgpZqqQDUWQxl5A77Ba4dWUs0JB3pYkb3p4/L+YI/bwXEG+dK//JBkw3FIgXSYfVMA4l0DgB+CluXyK0e4mIzEFqKxXFQUIjShNKI3ggdhWorUFqK3ggAjSltQwltQAUJTUhqWEALBRGlCaiNQBH5ze6PJWOyMNnNwypIPj1Tl4AjjAhaPAL3/AJxt/objmrh+jan/AOJy8C2swDwC0Y/YVy9wF7O1KUlhu0+d0WXYOPfZAbs0KREWTyCSN1q+/uWxwSGad3JRs0WHEpNxqukudugZjwsaWtG3HmUk78Uk8LAJDNPcXHwWx4LY2CxIZo8UocBZJ5hKA2QBpu4HkmlGTqqPvneqeMI0hMKZwbUVI3/nSVF9kl0Oy4W3Taoc8nTGDbvW5XEgLcLwDYpMEIijDG3Iu8ncr0t8jfFxJhWP4G951RzMrImnuI0O/ENXm61pW9xKtT5L+JjDulGlp3P0srmS0p8S5pc3+80KrKriyyD5PXZ71hWliwl5sDdFahNRW8ExCwtnhsUkLZ4FMBQ80oFI5BKagQo8E0quadOTWpPFJkkUxnFoGf6hwt7Tf8IUjgYvWOH7hKYZ1H/nqoPiw/3UWlq20ZfORezCFxtQ63HbxK4xOoDiRutkbFUTi/SdiH6cfqrJ6fDY5DGxkDRqkI4kk8vBWJk7POHY/TtgZVwyVMbe022l5HeR+aolpZrHvBaiPqbDs6b23DxCkI22aoI4pRUcElVWVMVPC2xc+R4aB8UfJeZMIzZPWwYDViufRR9ZOGNI0svbUL8RfuVEISl0izJKMe3RLuHFFhGw8kN/H3IsIu1vkgQQhNpx9K3xCdkC101qN5W+SKA2G7LJ2fRHzSm8EuTeK6YhnazVy+eNsLnH7h9F1jgACVymeP8AVs32D6KqaLcfZwuVrCZtjcllz8Ff+Sf9mqP7J9VQOWbtmjBH1Pir8yMb5Yo/sn1Xf0nuZzdf0idPsnyVC4ptilVf+2d6lXzfYqh8X2xarH8Z/qtObtHOgAaiBBad0UcFUiYoJQKQClXTEFjTqLYHyTSIp3Fu0+SmhM82Z9bqzriLBveayuv5HuGxQ53xls8UeplFGRqG+7iqbzyLZ/qx/vDfULoTiNfgudDU4dWz0crqcXfDIWH8FqxSqiia4s9zvoaVxt1EJ+CZ4zgtK/CKsOoY3Awu5A8l5TwvPudIxePMuIGxuC+XX63UpV9KXSBPRyU0mYJHRSMLHWhjBsfEC4U5XXCILJ8l1NRGobURquIBQltQ2ogQNBWojSgtKK1AwgRGoTUtqACgogQ2pYQIWCiNKE1EagZznS3V/Mui3MtRqsRh0jAfF9mf/ZeHpRubL1/8pWtNJ0R10YdY1VTBB5jXqP8AgXkCTgStEPYiqT+4b1B+jBTYHYeSPMbst4pvewFxtZMRsncLdzZIJ3BWxskM2TyWis4rDxSJCXcdlpKPBJPkkBiwLR3W9JskMwcUS1gkhp9yUeG6YhDbaQmEAvW1IH9oU+YdgmVL/S6h3PrTZRfgmvIVzS5yw07uIR9Y5rRkB4IAG1rmDch3cPFTGUsTmwbMmG4sw6TSVUU+3c14J/C6ig67m35OCcsADQ08uySoNElwfQEuY7txm7HbtPeDuFq65jopxR2M9G2AYg8kyPomMkJ5uZeM/wCFdNzXPap0aLsUERqECltKYBQdlvikNJut3NkxChult2CQ1LHBAGydrhNajcpydgm1QN0mNFPZ77Od5/ssP91RmJTEUUuloLtDtj5KSz//ALaz8uyz/CmEUQmcYzzBC4up/mO9p/bE81Zkxd0kdLCKKQCGORmqJxbd5eTd3eeSmujDFqSmqppDhGNYjMYnNjhoqvqpWvNrOc7Sbt8Nl12J9GmNNxarNDRsqaSocXs+kAMZPHiu86K+j9uXaWepqWMFZU7O0m+lo5XWqWrxrCvL+DAtNP1Wul8nIZfy7mfHI5XYpgVNNK6NzYziuISPERJ2cI2bEgbb96l8SzPnfomzHFjLKfL0dHWR9VPBh9KWjq7AW7W5ta/FWfTUzaed+kdyDm3LWFZuwn9G4tG/RxjkjNnsPgVgjrpKSro1S0cGubsm8vYrFjOBUeKQyB7KiPW1wFr+5S1K4FgHgFC5ewmkwHAaPBqAPFNSxdXHrN3HxJ71I0slmt8gqJNOTa6LYpqKT7JE7BNKhwEo8QjtfqCaVf8AOsv3FRY0FDtwiPP0RTeM2KLI76E2TEDeezc+5crnc/ydL9g+i6d17X7ly2dRqw6Vo46T6KqZbj7OFy++1XCP3FfuQzfK9J5H1Xn/AAED53ETyjV+dH5vlel/5vVd/R+5nO1/tR0R4Kh8a2xmsHdO/wBVe19iqHx42xutH8d/qtWbwc2I2B3uih2yba7G10oPHeqUTHAct3TcycN0vWLcUxDqJ26e029/JRsLxdSFE4EnyU4iZ516Qj1efa1x5TAq8/ktfoTHOlrEHYjQwVWjCh1PXMD2tOoA7HbcKi+k0EZ5xAc9YVp/JKD4ulKtjl7N8NB359oLXiSdGbJdf2/yesMZylkSaRks+A4WXM/YpmA28QBuFyueOjHJdZhEk1BhNPRzhhcySBujl3DYrr5IX6dQaACNtwjY/DI7AnNigkc8xnZgueCltVCpX0cC1LahtRGndXEGEaiNQ2pbUAgg2RGIYS2oGFCW1DaltQAVqWENqI1AC2ojUMJbUAVN8q8O/wDDKmcL2bicd/fHIvK0ns+5euflPQ9b0O17gP5qqp3/AN+3/wBl5CJ1Rj7Nlpj7EVPtjaX2Sm9zYBOHWc0ptf1QBj9nNCUEk96UDcboA2FvkkrYUSSMIWgt3WbeKBmr33WwssFokBAhRKQ94AuhySjkgPmAHEBJkkEa7YJvRm75ncLyOt8Unrmho7V1lLcQt23Nz8TdQZJDoi/FYAktDkQADiUwNgi1huVMZewqvx3FKbCsMpn1NZUSBkUbfrHvvyAG5PIC6gKmeCFt3u35AFegfkd43g89VieENwi+MGJ1Q7ER2i2AOa0RG/sC5uLe1vfgFXkltRKMbLx6P8BdlfJWFYBJMyeWjg0ySMBDXPLi5xF+V3GynAeax225Sb9yw9s0CgUoOA4lDsEpthw2QAVpJ4NPvSwhtKIExCglWPekpQTAwh1vb/BNpg/Vu+47rJ1yTabjdJjRT3SB/tpNsfZj/wAKDhwtUsvzuj9In+2zxyMcfogYef1hnmVxdQuZf1O5gf2ROgpWjZSDGgMACjqdwFuSdl9gFyrpmpqxD7dc7yCdQcb2Ua6YiqcDwsE8hkSvkGuB+T2RZZTk2b5IWsadkuJ40DuIViZXQ/Y4bFBrTaVhvyK01wtx2KBWv3Yb96lYqCxne6LIfoj5JlDJtxTh7voT5JroTEuebeAXMZyfbD5rfsH0XROJLDyXL5xANDIL/VKrmWY+ziMun6eInmxX10euvlem83eqoPANpoRf6qvjo6N8r0/2neq7+j97Obr/AGI6a+yorMLR+na7793qryBVIZit+nq4d0zvVa8vg5kSLDAQSb3W2xC3Eog4IrGghUpE7GpgJ+sQhuhkHsvNk/0A8VnUt34o2hZHtZMD7alMIMraiz3XBCRHSMPenlDTNZLqDjsFKEXYm1R586Tds+Vv3jVIGvr8HzpT1mG1MlLP82bZ8ZsVH9KZ057rSeTgV3fQvhuEZw6V6ejxOn66BtAXBh4Eiw3WuCuiibSi7Omw3pazy2JolxRs7mDbrI7E+eki6nT07Z0bTOgkgw5126Q/qzceO5KsaboYyc930dLJD9iRw/NRudehTLWG5NxDFaWqrI6mlhMrNUupu29iCOBUpJJWylbl0TbSlttdDaiNV4BAiNQmlECACNRGoQRWcEAECWEMJbUxhWpYQ2ojUCFtRGlDCW1IZzfS1glVmPo1x3B6GLrqyemvTxg2L5GuD2gX5nTb3rw3UxTUdVJTVMUkMjHmN8cjS1zHDiCDuDysvoaxVz0ydEmDZ+oZq2lZDh+YWtvFWAWbNYbMlA4jlq4jxGyuxzVbWQlHm0eMHHQ5w2TbmQpLMWE4lgOOVWDYzSvpa+meYp4nEHS7kbjYggg35ghRDJmufubG5YVN8EUFvYHwWtdgN7pJdY2IsUJ7g12niDx8EhjrVzWNddMxLK119nRngRyKWKmPSXX3HFvNKx0OS4DiU3qa5kGnsl1+5N3zB7g4P2PemlbI12ktcHWO9lFy4JRVsdjFY3OsGOB5XGyX851b3UXVu1SNANuzdIPzlhBDJN/Dio7mT2klUVscQ3Bc48gmhrGz7CFx8AQE2OoyXcxxPcQUQRU7juHavh+KhbZKkh5FABHrka1l+RSZK2CA2a7UR4pmYGWA6zUT9UEkpXzRx/qz79k7fgVLyKfilW8kRMaG8+9D+c1TiLv4j4JcdPI15DWAX7ylwwyCa/YFzbv5hR+4lwOsHwmrxfE6XDaOF0tVVzR08TRclz3O28f+yvdPRP0e4R0c5edhlA/51WzuEldWuZpdUPGwsPqsG4a3zPEleZvkpOLOmTD2uaHF9NVbuAOn6IkEdxuOI7yvZJ2VGV80TiIdvx3WbrD4LSpJGE7pQKRZbugAzSljkgsRQVIAgShdICWCECFeCbzI5QJkMaKe6Rb/AOm7ud4o/RNqH+eaPNOukns50vb+pj9Co+F+mUb7ri6nuR3dP7Ik7FJcgJ7clu6iqYk6T3KQa7s7lcV9m6gMjgKl1jyCcwvUdI61QT3hHgfvxSQ2uCUjk8UaJw0i/MKOa+wvfijRy9hovyViZU0SWvsjwTavks1u/ehNmsbXTfEJuyzfmpWJLkd07+zdODL9GQomnmu0bpz130ZF901Ii4jl8t9rrmc1u1UkgJ+qVLmbY7qAzLJqp5PslJ8k4KmcfgZtPDbuV8dHDr5Xh+271VCYIe3D5K9ujV18rxfeO9V6DSe85eu/ho6kHfgqRzNtmGv+/crtBVI5sP8A5krxf+uK2ZfBzIDJrgdrozNgE0a4A6k4ZIDbdUokGuUocNyh6xbitB4tsd1IQ4jO6fUvEnwUZG7ndPqV1/gpx7Ezz10s/wC3Fb4kKwvkpUk7emKMuFg3DXvN+64Cr3pb2z1V+5SNFjeK5czbh2KYNVvpKkU2nW2xuDxBB2IWjG6opnG4s95VdWYuyIJdR4ENumufpC7o3xjrQSfmUnFpH1SvNWH9NmdWCN1U+kqS0cTEGX87KWzF08ZgxbLtRhH6KoqY1EZjfKxxcdJ42BHFGTc4tUQTRaDURqG3giNWgiECIEMJbUwCBEahBEagArUtqG1LbxQAVqIEJpRGoAIEoJASwgArUWM7i+45oLUWIXOyBng3p0w7FaXpUzHHigkZVSV0kzXG9pInuLmOHeC23wtyVdTNewkOjBBdqPbI3716e+UVS0+bs2RQwyxQVFMXwxzuPFotYHnp1avfchUJj2D1uFVho8UpjE+5DXcWP8Wu4ELoZdNNRU2uGYcOrxym4J8oimy6m9oA99jchAniLna2P1W5DY+9HbRhkpdq1NIsGnl43Sixv7YI7nLNXyak14Gbm6TqHXi+/Ab/AOaFOS1ly1/GwJbv+CcVRbGwOJs1p2KavLpCHMa5wJuLNNuFlFk0AJeCRGHm5GxCU2KWUdW1gGi4ddycaSIGhlPKXCxJ02uUVnWtY8CCQai53AE7qO0luAQU8jrSOcGDTfsjc+8p4KVpvqkmP/OVjQWwBgiluGht9KW6R5uGxON+dwE0kRbBmhhG7m395K3FSQW/mmk6jckX5ogM3s6Bc8i8X+CkcPwLMVZb5pgldOCSbx00jgb+Iapbb6Qt1dsjnMDCwNaANXLySiwWIHNdhhvRZ0j4jp+b5WrmjiDKwRj++4KcpOgnpGnZrloqan8Ja1gPwbdGyXwR9SPyVcWg2tsXNt70Jxa2Ruohp1nj7laWK9CmL4bQx1VZiFA8vmbC5kT5HlpcbcTYcSNkbC+i3C6iGhtUTz1U0sd43kNbY27NhuDvbjsn6M2rIPVYourJz5JWVcRqM4S5ufTFmFUkE1PFMSB1kzrDS0cTZriSeG4XqIqNy1gWFZawWDB8Ho46SjgB0xsJN3HdziTuSTvdSBO+y5s5bnZ0IqkausWlsKAzLbLFhK0mAtnFEahN4ogIQIK1LahDglsKYgh4IE3FGPBAl4ooaKf6Tds5/wD6Mf5qMg3lbbvUn0n7Zxabf1LPzUTSu+nHmuLqu5f1O7pvZEnqYANCcudZu3emtOewBxPeiOfsN/guLI3oaTvIlO/cislsE0qH/TOAPILBJYBJFngkBKSAPBEjm7LbnhsosTHv4IrZTbimiDiSPXdrjwTbEJyWt80Jr+2N0CvdZgN+akRSDw1BHOyciclvFQvXtbxcAjMqCW9lrneNtk0mDSJB81mE3ULjs16OU35FOXzOLCCojGXE0zxf6t0IaRA4E83hJ8le/Rk++WI/vXeqoTBnACHdXr0Xuvlpv3rl6LSe842u/ho7EHmqPze++Z8QH8Yq7Wqjs5nTmjEPvitebwcyHZHh1xYJbXbgBNmuRY33VJYEc4h252SmOLXeBQHEg3KwOuNjwTFRIROI3TyGYMIJUXA8808Y5rtIO6nHsi+iiul0/wDnmqP7oK7LoewLDM99KODYRiBeKQUr5JA0kF2gcLjhxXG9MHZztOe9gU90AZrw/KPSTh+N4lFPLSx08kTxA3U4FwFja4utWNFOS6PUVR8n7KUkxFPVV8Ed9gJr2+IXLZ+6A4cKwCqxTB8WnlfTMMjoqgNIc0bmxFrFWrQdJ2W63DhXR/O4oNt5qdzOPBSWPVDMay5VULn/ADMVsDmR9a06rOFgdPEJTtJ1di2waOJY5FaUJrR3IjW2WgrDNS2oTUQJiCAojChApbCgAzUQITURpQMIDsiMKG3wRG+SACNKW1DaERqACsCBjFfHhWD1eIyuDWwQufc94Gw+Nkdncqo6d81tiqaPK9K+51tnrbdw3YzzJsdlfpsLzZFFGfVZ1gxObOJq2sq5HRy6btLT2xxJG5+JKYS0tBUxz0GJimlpdF3wzMLg3fiO48dwkisja9jWkGUgA6hfZIlbK8yPjuRKztW4nf8AyXrIrimeIcudy7K0zVlKCmkdPhEzmQucAyGd2oEeD/PkfiuexLIuZKeqihnwutdJNS/PGRQWkIhtfWdNyB5q2K6jkxaOPCmRtM9VVsp4Rbfjvt5AldLHL1dfXbPqcRxCv+aUccEhbDHT04DWG9r6Gki+3EEcVzdXpcXqJJVZ3NBrc3ouUndHnCowWpoXN+c4XXRvcNTRLC8HzsQntJgmN1WkUuCV8l+FoSB+K9KOwijfUwUr55aiWk+kdPK/U9777u8L2tbuandRBE57pJbGOPg4nfZVx0GP5J5PquRdRR5xjyXmt7A84Q6Np3HWSNB+HFSWHdG2aqyYMENLFfiS8nSPHZX7TxMqYgYy0C2zTbZTOV8EM1S4PcSzytcDhZWPSYIK2Ur6hqckko1/YpjKnQlW1dc1uMV16cOHWOpuzp4bXc03PHghdMWVcs5XosLwPBcNb88qS6sqamoe58ogadLWAnYFzjvYcGr1M7CWxYVKQyw6sjusF5w+UcSzpWnbPG0Qtw2mZS3G2ntFxH/Pqus0PTlNRiqRubyxg5TlbO+6If8ARsZbp30dBhtHOGgSONMNX/utv5qx4oOvc3TXsLQAS1oH5qhOhqrikkq6SokjcGxXiY7bV2jcD/LxV6U1JAzq3MLrPaCQ07jwVeqjslwLSy3x5JljTTF7ppi5pG2loCj6qusD1UMj9+LlKvmY6muGBzgNgVGzzamuaBueI8Vgi22b5JJcFaZ6qah1DFEynDA+sgaCbC15Wi6H0a4bE7NrXRxQOZFJLM57N72JDfrHw4BNekWrllxGkwqlcY5qiUvBB9ksa5zT/wC4D4Kc6H4JaWvnpZah84jpRu5+qztVib+K05m44nTM2BKWaNryWU7ikrCQfFYuKdwSeJWLDxWkhmnHdZdactIAI0orUJqIFIAjeCWCggojSgQQnZN5ijOOybzFDGioulM6c2sP8Bn5qGpXWlBPeprpU/2riJ507PUqChI6xu9hdcXVLmR3NN7Ik9TO7Pu4JZcm8JHV38FsyW3XGmjfEbTOHzgjwCQ51kObW6oLmNLth4BAlbOX7ysYO5oufxSUS2xzrThjwQDfkk0cEDmgPZrdfi43TcEM2HAbJ0Rux61+43QMTOqIC5AvyQ2S2I34FIrJLx8eaklyIFCGg30j3p22Q6SmDJOKI2XYptWA4nlsPzUTjEl6c7/VTmpl7AUXi0gNMbdyaQiKwh20R48VefRXJfLQ++cqGwh3YjHiVd3RRJfLhHdO5d/S+842t/hnetdsqRzrvmzEL8Ot/IK52O2VM54Ns0133n5LZm6RzIdkQAsFwfNJY7c3RBcniLKgsNuta5Wg5obst35XQH7OTAcQydrYp2ZwzSTsAo2MkSAngU9a5vNu/ipJiZVfSTg1Xi+ZJKykYXR6Q3ccbLk35cxaLf5u7bmDZehvm0Eg1OhYdu5ajw2keTqibw4BTU5LgW2LKky3jdRgM+HQxVEofTTCZ4c8kdZtY2PdwC9rZGqjimUKXE6mbVNUQh75ncTdeGs9UbqDNVbANgJdTfI7hepOgjMv6Z6GWxNf+tYdIIZB4DdvuRp8zk5JlebGlTR0IdsitJ7k3aUZhW8zhQURpQmlLCYBQUppQhxS2oEGYUUIDSiNN0AHZt37orE3YbIzCgAzURoQ2pY4IGHjvqAA3Xm6avwmbHcSqcegqvn0k8l5S3VoGo7NH57r0lEbOBtffgvMtVmNvzuWKrw8SF0jy5rm2Iu48D4fkup9Mi25V+Dj/V5KMY3+f2EVWCU9Seswqvp5ySbWfZw2vYg8/JQ0P6ZZK+IwSM03HaG9rb2U5VQ4FiszTS1DqKrbv226Rq81Gx4ljWFCWmmcJo230OPbHHj+K7sZSarz+eDzkoxu/wDHJ0XRfRx1GMNxCZjS+kMmkONrPfZgPuGtdDRytGL1GIO6gGRohhAb2msBO4PIOcXE+5ROTa99XhdZP1UEUrqlou0EB3Ycd+7mU5lpJKmuoXMpIpJWwNDXkkNbYO42WLInLK7OhikoYVtA4TioqMQq2tEkzr6dQbZg7TiR57o1UYQ55lmZZ4cdA4bqHwbDcYbNXmlmjLXuIBkcX6fIDh/kj0WUMxVtVaescWggv0w2ba21yfD1WmoxdtmR75cJWTVA+FxY4usxxDRbYklWPkenhEDzGHFxfu4rhMHyrS0D5G1+LkuHssDtRFvAbBdnlaSkZI+lidUSAO9qWS1/IDksOqkpRaizoaKDhJOSOtlEgYWlzS3gQRsQqg6asgMzlQxQyTMpcUogTQVRaSHtJF4323LeF+YtqFwXBW/T0VE52qVzt9rB5UTj+DYe+NwjmqmuaQbtkJseVr8wuXCVSOzJfaeOX0ON5PxXqcUbJQ1sVnMBGpsjb+0xw2e3xCtjLeep6ughko5GiUkCVsnBv5967DOGCVNdRvpsQpocUoyC9rgxofGbcSw2BuRuWlh81VeLdH7mVpqMvYmRO1l3Uc7Xam7cL21W9xHiumpxyRqaOZLHKErgy88CxttXSsEgHWWuSFldKWl0u5s4ny2VSYBj+JYUyNldh0rJY3WMgu+Ikd7hcDlsVP4jmcSUstQakOBFtLT/AN+Kxf8AFanx0af+UtlPs5msrJKnpNBDPo4XMBsCbERSP/y2XRdFFbXVudMQMErI6WMyQ1MTorkiJxaCHX21Ejbw5rn8jfrGF1OLyg9dWzOmhb9ZrHXYw777t1Hy812HQZAPmuM1xN3T10unhs3rH+tgqtW0oP8AsXaOLeRX8llErV1px2WlyDtGErV0kndaugYriVviUi4ulg7IELGyVe6GCSLpQTAXdKBPIod1sGyYgpcgTORL7JvM5IaKn6VN81xXP/p22+JUDTPtKw321c1OdKbr5niNuFM31K52n7UzQCAuNqe5Hc038OJOh5DLX48QkF/ehh46sG+5Q3P3O640uzox6MmeW8OYQI3EvJKTNJqKQ19jxSSJklSzBjrk7pk+S5vyuUN81hseSbtkvE0800heR31iTUSXZa6bmTe10KaTsceamkIO19h3LXWbJl1p08VnW9g+SlQmFmm5HuUZicp+buHhZFkkJCYYk/6Bx8FJRE2N8Id9HErp6JZP5AkH8cqkMJd+rxm6uXolf/Ikv359F2tP7zj6vnGWLG7ZU9no6c01v2h6K24ndlVBn4n/AEprftD0WzL0jmw7IhrgfclMfe4TUOA58URp7nbKgsDmwF0rZzeCbl44JbCb3vsmhBA3cdyesDXNBATNrmixunDJByUhD2IkMsUakLTd43N7JtC5riA52m/O17JwIZIYTI20kRd7TeXmOIUI58UpbVJWWy0+WMdzi6Kt6aKPq8Zpq4N2niAJ7y02/wAl0PyZMwtw3NVVl+pl0U+LxGNlzsJQLs/Hb3ofTFRuny5DVNFzBLbhyI/6Kr8Lq5qSpp6+mkLJqd4e1wO4sdiot+nlsra3Ro9oNKKw7rFi7BhCtOyWFixACmndLaVixABGna6I1YsTEFadkVixYgAzN+aI1YsSGOKc9tvmF5xZWwYhiVVRV9DFMGzv0yA6XDtkcVixdP6cuJv9P3OR9VfsX6/sSGM5SphSunp6uaMCx0OAdt3X2VZ1Eb4ah8LZXe29txtwH/VYsXY0WSU4vczh63FDHJbVR3fRM81ODyCQusahoIB59U7fzXf4lIaCCeqZuI47tZwA0gf5rFizZOctGnHxhs57L+ZXwUdTTsoKcTB4JmG177ezy2ChcUzXjFZeJ1QWMsRZuwWLFux4oW3Rz82adJXwNsMxeenfdwdKd73ed1PUWZa2nqRPAyNgIADNyBtf8lixUZ0rNGlbOvkzlijCCxsTezr4fgh1eNYxXxhz8RliaYy4tjAHPvWLFzo4490dWWSXVkZN89c+RjsVrnBgaO1JfVfvXL43VV0EraY1ZqI2zOjHzhoeQL8iLEe4rFi0YordVGfLJqN2c1iOacXw9jmMlZOyPtaJm6r72tq9u3/MuewfOEmIY3orqETwyh4dE6XU32d/aBPf8VixW5McYq0ivDOU+JM7jJ1cZsuQT9WOtfOHOcTfi1lgO5oGwHJdf0GADCcSAFrVcg8/pJAsWLz2Vt4bZ6HGktTSLGWisWLCdEG4m61fZYsQgMHFLvZYsTELCwFYsTA2CtgkrFiAFpvOd1ixAIqXpUNsxxf8OPUrl4CesaVixcTU9y/qd3TeyJLhxMd0BzjusWLjHSj0ALjqskvcblYsTJAnOOnjyQmOOkeSxYpCNvcbpEjj1Z81ixSRFjQvIWajoPksWK0iCLjwTOu3hIWLExDLCv6MzzKuHokP8jz/AH/5LFi6uD3nK1X8MsKIkAKoOkF5bmest3j0WLFsy9I5sOzmxISUaJ50+axYqSw2OySL3RWvIYbLFikIcUTOuIBdZOWtG9uRWLFw/qGSe9xvg730/FBY1KuTBK4OsL+d1M4UDJ2XOPs8lixY4cNNGzL0QWdYmz5YxCF/BsRcPMG4VDUhIlezkDZYsXosnO1nl6rcj//Z\" alt=\"\" data-rotate=\"\" data-proportion=\"true\" data-size=\"445px,296px\" data-align=\"none\" data-file-name=\"차차무.jpg\" data-file-size=\"40680\" data-origin=\",\"></figure></div><p>차차무무&nbsp; &nbsp; &nbsp;&nbsp;차차무무&nbsp; &nbsp; &nbsp;&nbsp;차차무무&nbsp; &nbsp; &nbsp;&nbsp;차차무무&nbsp; &nbsp; &nbsp;&nbsp;차차무무&nbsp; &nbsp; &nbsp;&nbsp;차차무무&nbsp; &nbsp; &nbsp;&nbsp;차차무무&nbsp; &nbsp; &nbsp;&nbsp;차차무무&nbsp; &nbsp; &nbsp;&nbsp;차차무무&nbsp; &nbsp; &nbsp;&nbsp;차차무무&nbsp; &nbsp; &nbsp;&nbsp;차차무무&nbsp; &nbsp; &nbsp;&nbsp;차차무무&nbsp; &nbsp; &nbsp;&nbsp;차차무무&nbsp; &nbsp; &nbsp;&nbsp;차차무무&nbsp; &nbsp; &nbsp;&nbsp;차차무무&nbsp; &nbsp; &nbsp;&nbsp;차차무무&nbsp; &nbsp; &nbsp;&nbsp;차차무무&nbsp; &nbsp; &nbsp;&nbsp;차차무무&nbsp; &nbsp; &nbsp;&nbsp;차차무무&nbsp; &nbsp; &nbsp;&nbsp;차차무무&nbsp; &nbsp; &nbsp;&nbsp;차차무무&nbsp; &nbsp; &nbsp;&nbsp;차차무무&nbsp; &nbsp; &nbsp;&nbsp;차차무무&nbsp; &nbsp; &nbsp;&nbsp;차차무무&nbsp; &nbsp; &nbsp;&nbsp;차차무무&nbsp; &nbsp; &nbsp;&nbsp;</p>','https://storage.googleapis.com/download/storage/v1/b/carrot_box555/o/img%2Fb5132d1c-e661-4e73-9c2c-13cc3580de14-%EC%95%84%ED%94%88%EC%B0%A8%EB%AC%B4%EC%8B%9D.jpg?generation=1680759809288885&alt=media',0,0,'중앙 보훈 병원',30,'입원비/수술비/의약품'),
(59,103,11,0,2000000,'2023-04-06 14:26:50','2023-04-06 23:22:34','정진호님의 요로 결석','<p><br></p><p>정진호님이 요로 결석으로 인해 매우 힘들어하고 계시다는 것을 알고 있습니다. 이러한 상황에서 기부를 통해 도움을 받을 수 있다면, 이것이 정말로 큰 차이를 만들어줄 것입니다.</p><p>우리는 언제나 다른 사람을 도울 수 있는 기회가 있습니다. 그리고 이번에 그 기회가 바로 정진호님이라는 분께서 제공해주시는 것입니다. 그분이 필요로 하는 지원을 제공하는 것은 그분에게 큰 도움이 될 것이며, 또한 우리 자신에게도 큰 보람을 주게 됩니다.</p><p>따라서, 정진호님의 상황에 대해 기부자들과 이야기하며, 그분이 어떻게 도움을 받을 수 있는지 알려주시면 좋을 것입니다. 그리고 그분이 받게 될 지원이 얼마나 큰 차이를 만들어줄 수 있는지, 그것이 얼마나 중요한 일인지에 대해 이야기해주시면 더욱 좋을 것입니다.</p><p>감사합니다.</p>','https://storage.googleapis.com/download/storage/v1/b/carrot_box555/o/img%2F82b03a9e-1716-48fa-b28c-c1d991b72fe7-%EC%A0%95%EC%9B%90%EC%B2%A0.jpg?generation=1680791210726693&alt=media',0,0,'정엔투엔철 병원',20,'입원비/수술비/의약품'),
(60,104,16,0,2000000,'2023-04-06 14:39:04','2023-04-21 22:00:00','골다골증에 걸린 정다니엘을 도와주세요','<p><br></p><p>정다니엘님이 골다공증으로 인해 힘든 시기를 겪고 계시다는 것을 알고 있습니다. 이러한 상황에서 기부를 통해 도움을 받을 수 있다면, 이것이 정말로 큰 도움이 될 것입니다.</p><p>우리는 언제나 다른 사람을 도울 수 있는 기회가 있습니다. 이번에 그 기회가 바로 정다니엘님이라는 분께서 제공해주시는 것입니다. 그분이 필요로 하는 지원을 제공하는 것은 그분에게 큰 도움이 될 것이며, 또한 우리 자신에게도 큰 보람을 주게 됩니다.</p><p>따라서, 정다니엘님의 상황에 대해 기부자들과 이야기하며, 그분이 어떻게 도움을 받을 수 있는지 알려주시면 좋을 것입니다. 그리고 그분이 받게 될 지원이 얼마나 큰 도움이 되는지, 그것이 얼마나 중요한 일인지에 대해 이야기해주시면 더욱 좋을 것입니다.</p><p>기부는 단순히 돈을 주는 것이 아니라, 그분의 어려움을 이해하고 그분을 돕기 위해 함께 노력하는 것입니다. 함께 동참하여 정다니엘님의 상황을 나은 방향으로 바꿀 수 있도록 노력해봅시다.</p><p>감사합니다.</p>','https://storage.googleapis.com/download/storage/v1/b/carrot_box555/o/img%2Fe7aff3fa-7ffa-49f0-896f-840062a93469-2024980_2029675_518.jpg?generation=1680791944490155&alt=media',0,0,'정엔투엔철 병원',20,'입원비/수술비/의약품');
/*!40000 ALTER TABLE `fundraising` ENABLE KEYS */;
UNLOCK TABLES;
/*!40103 SET TIME_ZONE=@OLD_TIME_ZONE */;

/*!40101 SET SQL_MODE=@OLD_SQL_MODE */;
/*!40014 SET FOREIGN_KEY_CHECKS=@OLD_FOREIGN_KEY_CHECKS */;
/*!40014 SET UNIQUE_CHECKS=@OLD_UNIQUE_CHECKS */;
/*!40101 SET CHARACTER_SET_CLIENT=@OLD_CHARACTER_SET_CLIENT */;
/*!40101 SET CHARACTER_SET_RESULTS=@OLD_CHARACTER_SET_RESULTS */;
/*!40101 SET COLLATION_CONNECTION=@OLD_COLLATION_CONNECTION */;
/*!40111 SET SQL_NOTES=@OLD_SQL_NOTES */;

-- Dump completed on 2023-04-06 15:09:54
